YEAR,MONTH,DATE,SITE,RESAMPLE,DATA_TYPE,PLOT,QUAD,SP_CODE,COUNT,OBSERVER,NOTES,ENTERED BY,CHECKED BY,MO_SP_CODE,MO_NOTES
2018,6,20,South Shaw,N,QUAD,1,1,SACO,5,Galloway,,Galloway,Lowe,SACO,
2018,6,20,South Shaw,N,QUAD,1,1,SALANI,3,Galloway,,Galloway,Lowe,SALANI,
2018,6,20,South Shaw,N,QUAD,1,1,SAJU,3,Galloway,,Galloway,Lowe,SAJU,
2018,6,20,South Shaw,N,QUAD,1,1,AGFI,5,Galloway,,Galloway,Lowe,AGFI,
2018,6,20,South Shaw,N,QUAD,1,1,SAMU,4,Galloway,,Galloway,Lowe,SAMU,
2018,6,20,South Shaw,N,QUAD,1,1,PADA,1,Galloway,,Galloway,Lowe,PADA,
2018,6,20,South Shaw,N,QUAD,1,1,POMA,7,Galloway,,Galloway,Lowe,POMA,
2018,6,20,South Shaw,N,QUAD,1,1,BOVI,1,Galloway,,Galloway,Lowe,BOVI,
2018,6,20,South Shaw,N,QUAD,1,1,CALI,1,Galloway,,Galloway,Lowe,CALI,
2018,6,20,South Shaw,N,QUAD,1,2,SACO,8,Galloway,,Galloway,Lowe,SACO,
2018,6,20,South Shaw,N,QUAD,1,2,SALANI,2,Galloway,,Galloway,Lowe,SALANI,
2018,6,20,South Shaw,N,QUAD,1,2,SAJU,10,Galloway,,Galloway,Lowe,SAJU,
2018,6,20,South Shaw,N,QUAD,1,2,AGFI,7,Galloway,,Galloway,Lowe,AGFI,
2018,6,20,South Shaw,N,QUAD,1,2,SAMU,3,Galloway,,Galloway,Lowe,SAMU,
2018,6,20,South Shaw,N,QUAD,1,2,AGCL,4,Galloway,,Galloway,Lowe,AGCL,
2018,6,20,South Shaw,N,QUAD,1,2,POMA,11,Galloway,,Galloway,Lowe,POMA,
2018,6,20,South Shaw,N,QUAD,1,2,PUPR,1,Galloway,,Galloway,Lowe,PUPR,
2018,6,20,South Shaw,N,QUAD,1,2,CNFI,1,Galloway,,Galloway,Lowe,CNFI,
2018,6,20,South Shaw,N,QUAD,1,2,LEAE,1,Galloway,,Galloway,Lowe,LEAE,
2018,6,20,South Shaw,N,QUAD,1,2,BACR,4,Galloway,,Galloway,Lowe,BACR,
2018,6,20,South Shaw,N,QUAD,1,3,SACO,3,Galloway,,Galloway,Lowe,SACO,
2018,6,20,South Shaw,N,QUAD,1,3,SALANI,2,Galloway,,Galloway,Lowe,SALANI,
2018,6,20,South Shaw,N,QUAD,1,3,SAJU,12,Galloway,,Galloway,Lowe,SAJU,
2018,6,20,South Shaw,N,QUAD,1,3,AGFI,3,Galloway,,Galloway,Lowe,AGFI,
2018,6,20,South Shaw,N,QUAD,1,3,COCO,1,Galloway,,Galloway,Lowe,COCO,
2018,6,20,South Shaw,N,QUAD,1,3,AGCL,3,Galloway,,Galloway,Lowe,AGCL,
2018,6,20,South Shaw,N,QUAD,1,3,POMA,2,Galloway,,Galloway,Lowe,POMA,
2018,6,20,South Shaw,N,QUAD,1,3,CALI,1,Galloway,,Galloway,Lowe,CALI,
2018,6,20,South Shaw,N,QUAD,1,3,DELI,1,Galloway,,Galloway,Lowe,DELI,
2018,6,20,South Shaw,N,QUAD,1,3,UKCT,1,Galloway,,Galloway,Lowe,UKCT,
2018,6,20,South Shaw,N,QUAD,1,3,BACR,1,Galloway,,Galloway,Lowe,BACR,
2018,6,20,South Shaw,N,QUAD,1,4,SACO,7,Galloway,,Galloway,Lowe,SACO,
2018,6,20,South Shaw,N,QUAD,1,4,SALANI,2,Galloway,,Galloway,Lowe,SALANI,
2018,6,20,South Shaw,N,QUAD,1,4,AGFI,6,Galloway,,Galloway,Lowe,AGFI,
2018,6,20,South Shaw,N,QUAD,1,4,SAMU,2,Galloway,,Galloway,Lowe,SAMU,
2018,6,20,South Shaw,N,QUAD,1,4,PADA,4,Galloway,,Galloway,Lowe,PADA,
2018,6,20,South Shaw,N,QUAD,1,4,POMA,5,Galloway,,Galloway,Lowe,POMA,
2018,6,20,South Shaw,N,QUAD,1,4,CNFI,1,Galloway,,Galloway,Lowe,CNFI,
2018,6,20,South Shaw,N,QUAD,1,4,PYHA,1,Galloway,,Galloway,Lowe,PYHA,
2018,6,20,South Shaw,N,QUAD,1,4,BACR,2,Galloway,,Galloway,Lowe,BACR,
2018,6,20,South Shaw,N,QUAD,2,1,SACO,2,Galloway,,Galloway,Lowe,SACO,
2018,6,20,South Shaw,N,QUAD,2,1,SALANI,1,Galloway,,Galloway,Lowe,SALANI,
2018,6,20,South Shaw,N,QUAD,2,1,SAJU,4,Galloway,,Galloway,Lowe,SAJU,
2018,6,20,South Shaw,N,QUAD,2,1,AGFI,4,Galloway,,Galloway,Lowe,AGFI,
2018,6,20,South Shaw,N,QUAD,2,1,COCO,1,Galloway,,Galloway,Lowe,COCO,
2018,6,20,South Shaw,N,QUAD,2,1,AGCL,2,Galloway,,Galloway,Lowe,AGCL,
2018,6,20,South Shaw,N,QUAD,2,1,PADA,5,Galloway,,Galloway,Lowe,PADA,
2018,6,20,South Shaw,N,QUAD,2,1,POMA,8,Galloway,,Galloway,Lowe,POMA,
2018,6,20,South Shaw,N,QUAD,2,1,CALI,2,Galloway,,Galloway,Lowe,CALI,
2018,6,20,South Shaw,N,QUAD,2,1,CNFI,1,Galloway,,Galloway,Lowe,CNFI,
2018,6,20,South Shaw,N,QUAD,2,1,PYHA,8,Galloway,,Galloway,Lowe,PYHA,
2018,6,20,South Shaw,N,QUAD,2,1,HELE,1,Galloway,,Galloway,Lowe,HELE,
2018,6,20,South Shaw,N,QUAD,2,1,UKCT,1,Galloway,,Galloway,Lowe,UKCT,
2018,6,20,South Shaw,N,QUAD,2,1,TETR,2,Galloway,,Galloway,Lowe,TETR,
2018,6,20,South Shaw,N,QUAD,2,1,PAGU,2,Galloway,,Galloway,Lowe,PAGU,
2018,6,20,South Shaw,N,QUAD,2,1,CAOR,1,Galloway,,Galloway,Lowe,CAOR,
2018,6,20,South Shaw,N,QUAD,2,2,SACO,2,Galloway,,Galloway,Lowe,SACO,
2018,6,20,South Shaw,N,QUAD,2,2,SALANI,1,Galloway,,Galloway,Lowe,SALANI,
2018,6,20,South Shaw,N,QUAD,2,2,SAJU,1,Galloway,,Galloway,Lowe,SAJU,
2018,6,20,South Shaw,N,QUAD,2,2,AGFI,5,Galloway,,Galloway,Lowe,AGFI,
2018,6,20,South Shaw,N,QUAD,2,2,PADA,3,Galloway,,Galloway,Lowe,PADA,
2018,6,20,South Shaw,N,QUAD,2,2,POMA,10,Galloway,,Galloway,Lowe,POMA,
2018,6,20,South Shaw,N,QUAD,2,2,CALI,1,Galloway,,Galloway,Lowe,CALI,
2018,6,20,South Shaw,N,QUAD,2,2,BACR,2,Galloway,,Galloway,Lowe,BACR,
2018,6,20,South Shaw,N,QUAD,2,2,PAGU,3,Galloway,,Galloway,Lowe,PAGU,
2018,6,20,South Shaw,N,QUAD,2,2,PAPL,3,Galloway,,Galloway,Lowe,PAPL,
2018,6,20,South Shaw,N,QUAD,2,3,SACO,2,Galloway,,Galloway,Lowe,SACO,
2018,6,20,South Shaw,N,QUAD,2,3,SALANI,1,Galloway,,Galloway,Lowe,SALANI,
2018,6,20,South Shaw,N,QUAD,2,3,SAJU,4,Galloway,,Galloway,Lowe,SAJU,
2018,6,20,South Shaw,N,QUAD,2,3,AGFI,4,Galloway,,Galloway,Lowe,AGFI,
2018,6,20,South Shaw,N,QUAD,2,3,SAMU,1,Galloway,,Galloway,Lowe,SAMU,
2018,6,20,South Shaw,N,QUAD,2,3,COCO,2,Galloway,,Galloway,Lowe,COCO,
2018,6,20,South Shaw,N,QUAD,2,3,PADA,4,Galloway,,Galloway,Lowe,PADA,
2018,6,20,South Shaw,N,QUAD,2,3,POMA,7,Galloway,,Galloway,Lowe,POMA,
2018,6,20,South Shaw,N,QUAD,2,3,PYHA,2,Galloway,,Galloway,Lowe,PYHA,
2018,6,20,South Shaw,N,QUAD,2,3,PAGU,1,Galloway,,Galloway,Lowe,PAGU,
2018,6,20,South Shaw,N,QUAD,2,3,GUNN,1,Galloway,,Galloway,Lowe,GUNN,
2018,6,20,South Shaw,N,QUAD,2,3,PAPL,1,Galloway,,Galloway,Lowe,PAPL,
2018,6,20,South Shaw,N,QUAD,2,3,TOLI,1,Galloway,,Galloway,Lowe,TOLI,
2018,6,20,South Shaw,N,QUAD,2,4,SACO,5,Galloway,,Galloway,Lowe,SACO,
2018,6,20,South Shaw,N,QUAD,2,4,SALANI,6,Galloway,,Galloway,Lowe,SALANI,
2018,6,20,South Shaw,N,QUAD,2,4,SAJU,4,Galloway,,Galloway,Lowe,SAJU,
2018,6,20,South Shaw,N,QUAD,2,4,AGFI,4,Galloway,,Galloway,Lowe,AGFI,
2018,6,20,South Shaw,N,QUAD,2,4,AGCL,5,Galloway,,Galloway,Lowe,AGCL,
2018,6,20,South Shaw,N,QUAD,2,4,PADA,1,Galloway,,Galloway,Lowe,PADA,
2018,6,20,South Shaw,N,QUAD,2,4,POMA,4,Galloway,,Galloway,Lowe,POMA,
2018,6,20,South Shaw,N,QUAD,2,4,CALI,4,Galloway,,Galloway,Lowe,CALI,
2018,6,20,South Shaw,N,QUAD,2,4,PYHA,2,Galloway,,Galloway,Lowe,PYHA,
2018,6,20,South Shaw,N,QUAD,2,4,UKCT,2,Galloway,,Galloway,Lowe,UKCT,
2018,6,20,South Shaw,N,QUAD,2,4,BACR,2,Galloway,,Galloway,Lowe,BACR,
2018,6,20,South Shaw,N,QUAD,2,4,TECH,1,Galloway,,Galloway,Lowe,TECH,
2018,6,20,South Shaw,N,QUAD,3,1,SACO,1,Galloway,,Galloway,Lowe,SACO,
2018,6,20,South Shaw,N,QUAD,3,1,SAJU,6,Galloway,,Galloway,Lowe,SAJU,
2018,6,20,South Shaw,N,QUAD,3,1,AGFI,3,Galloway,,Galloway,Lowe,AGFI,
2018,6,20,South Shaw,N,QUAD,3,1,AGCL,5,Galloway,,Galloway,Lowe,AGCL,
2018,6,20,South Shaw,N,QUAD,3,1,PADA,4,Galloway,,Galloway,Lowe,PADA,
2018,6,20,South Shaw,N,QUAD,3,1,POMA,10,Galloway,,Galloway,Lowe,POMA,
2018,6,20,South Shaw,N,QUAD,3,1,CALI,1,Galloway,,Galloway,Lowe,CALI,
2018,6,20,South Shaw,N,QUAD,3,1,CNFI,4,Galloway,,Galloway,Lowe,CNFI,
2018,6,20,South Shaw,N,QUAD,3,1,PYHA,2,Galloway,,Galloway,Lowe,PYHA,
2018,6,20,South Shaw,N,QUAD,3,1,PAGU,1,Galloway,,Galloway,Lowe,PAGU,
2018,6,20,South Shaw,N,QUAD,3,1,CAOR,1,Galloway,,Galloway,Lowe,CAOR,
2018,6,20,South Shaw,N,QUAD,3,1,TOLI,3,Galloway,,Galloway,Lowe,TOLI,
2018,6,20,South Shaw,N,QUAD,3,1,TEPU,1,Galloway,,Galloway,Lowe,TEPU,
2018,6,20,South Shaw,N,QUAD,3,2,SACO,2,Galloway,,Galloway,Lowe,SACO,
2018,6,20,South Shaw,N,QUAD,3,2,SALANI,1,Galloway,,Galloway,Lowe,SALANI,
2018,6,20,South Shaw,N,QUAD,3,2,AGFI,5,Galloway,,Galloway,Lowe,AGFI,
2018,6,20,South Shaw,N,QUAD,3,2,AGCL,4,Galloway,,Galloway,Lowe,AGCL,
2018,6,20,South Shaw,N,QUAD,3,2,PADA,4,Galloway,,Galloway,Lowe,PADA,
2018,6,20,South Shaw,N,QUAD,3,2,POMA,10,Galloway,,Galloway,Lowe,POMA,
2018,6,20,South Shaw,N,QUAD,3,2,PYHA,1,Galloway,,Galloway,Lowe,PYHA,
2018,6,20,South Shaw,N,QUAD,3,2,HELE,1,Galloway,,Galloway,Lowe,HELE,
2018,6,20,South Shaw,N,QUAD,3,2,TETR,1,Galloway,,Galloway,Lowe,TETR,
2018,6,20,South Shaw,N,QUAD,3,2,CAOR,2,Galloway,,Galloway,Lowe,CAOR,
2018,6,20,South Shaw,N,QUAD,3,2,PESP,1,Galloway,,Galloway,Lowe,PESP,
2018,6,20,South Shaw,N,QUAD,3,2,CRST,1,Galloway,,Galloway,Lowe,CRST,
2018,6,20,South Shaw,N,QUAD,3,3,SACO,3,Galloway,,Galloway,Lowe,SACO,
2018,6,20,South Shaw,N,QUAD,3,3,SALANI,1,Galloway,,Galloway,Lowe,SALANI,
2018,6,20,South Shaw,N,QUAD,3,3,SAJU,3,Galloway,,Galloway,Lowe,SAJU,
2018,6,20,South Shaw,N,QUAD,3,3,AGFI,2,Galloway,,Galloway,Lowe,AGFI,
2018,6,20,South Shaw,N,QUAD,3,3,COCO,1,Galloway,,Galloway,Lowe,COCO,
2018,6,20,South Shaw,N,QUAD,3,3,PADA,1,Galloway,,Galloway,Lowe,PADA,
2018,6,20,South Shaw,N,QUAD,3,3,CNFI,2,Galloway,,Galloway,Lowe,CNFI,
2018,6,20,South Shaw,N,QUAD,3,3,POMA,20,Galloway,,Galloway,Lowe,POMA,
2018,6,20,South Shaw,N,QUAD,3,3,TETR,2,Galloway,,Galloway,Lowe,TETR,
2018,6,20,South Shaw,N,QUAD,3,3,PAGU,1,Galloway,,Galloway,Lowe,PAGU,
2018,6,20,South Shaw,N,QUAD,3,3,TOLI,1,Galloway,,Galloway,Lowe,TOLI,
2018,6,20,South Shaw,N,QUAD,3,3,DIAS,1,Galloway,,Galloway,Lowe,DIAS,
2018,6,20,South Shaw,N,QUAD,3,3,PESP,2,Galloway,,Galloway,Lowe,PESP,
2018,6,20,South Shaw,N,QUAD,3,4,SACO,3,Galloway,,Galloway,Lowe,SACO,
2018,6,20,South Shaw,N,QUAD,3,4,SALANI,1,Galloway,,Galloway,Lowe,SALANI,
2018,6,20,South Shaw,N,QUAD,3,4,SAJU,3,Galloway,,Galloway,Lowe,SAJU,
2018,6,20,South Shaw,N,QUAD,3,4,AGFI,4,Galloway,,Galloway,Lowe,AGFI,
2018,6,20,South Shaw,N,QUAD,3,4,AGCL,2,Galloway,,Galloway,Lowe,AGCL,
2018,6,20,South Shaw,N,QUAD,3,4,PADA,1,Galloway,,Galloway,Lowe,PADA,
2018,6,20,South Shaw,N,QUAD,3,4,POMA,4,Galloway,,Galloway,Lowe,POMA,
2018,6,20,South Shaw,N,QUAD,3,4,CALI,2,Galloway,,Galloway,Lowe,CALI,
2018,6,20,South Shaw,N,QUAD,3,4,PYHA,4,Galloway,,Galloway,Lowe,PYHA,
2018,6,20,South Shaw,N,QUAD,3,4,TECH,1,Galloway,,Galloway,Lowe,TECH,
2018,6,20,South Shaw,N,QUAD,3,4,HAKA,1,Galloway,,Galloway,Lowe,HAKA,
2018,6,20,South Shaw,N,QUAD,4,1,AGFI,3,Galloway,,Galloway,Lowe,AGFI,
2018,6,20,South Shaw,N,QUAD,4,1,SALANI,1,Galloway,,Galloway,Lowe,SALANI,
2018,6,20,South Shaw,N,QUAD,4,1,AGCL,1,Galloway,,Galloway,Lowe,AGCL,
2018,6,20,South Shaw,N,QUAD,4,1,COCO,1,Galloway,,Galloway,Lowe,COCO,
2018,6,20,South Shaw,N,QUAD,4,1,ENBI,1,Galloway,,Galloway,Lowe,ENBI,
2018,6,20,South Shaw,N,QUAD,4,1,CRST,1,Galloway,,Galloway,Lowe,CRST,
2018,6,20,South Shaw,N,QUAD,4,1,CNFI,3,Galloway,,Galloway,Lowe,CNFI,
2018,6,20,South Shaw,N,QUAD,4,1,PYHA,4,Galloway,,Galloway,Lowe,PYHA,
2018,6,20,South Shaw,N,QUAD,4,1,PADA,2,Galloway,,Galloway,Lowe,PADA,
2018,6,20,South Shaw,N,QUAD,4,1,CALI,1,Galloway,,Galloway,Lowe,CALI,
2018,6,20,South Shaw,N,QUAD,4,1,TETR,1,Galloway,,Galloway,Lowe,TETR,
2018,6,20,South Shaw,N,QUAD,4,1,HELE,2,Galloway,,Galloway,Lowe,HELE,
2018,6,20,South Shaw,N,QUAD,4,1,POMA,5,Galloway,,Galloway,Lowe,POMA,
2018,6,20,South Shaw,N,QUAD,4,1,CHHA,1,Galloway,,Galloway,Lowe,CHHA,
2018,6,20,South Shaw,N,QUAD,4,1,BOVI,1,Galloway,,Galloway,Lowe,BOVI,
2018,6,20,South Shaw,N,QUAD,4,1,PESP,1,Galloway,,Galloway,Lowe,PESP,
2018,6,20,South Shaw,N,QUAD,4,1,TOLI,1,Galloway,,Galloway,Lowe,TOLI,
2018,6,20,South Shaw,N,QUAD,4,1,PAGU,2,Galloway,,Galloway,Lowe,PAGU,
2018,6,20,South Shaw,N,QUAD,4,2,AGFI,3,Galloway,,Galloway,Lowe,AGFI,
2018,6,20,South Shaw,N,QUAD,4,2,AGCL,2,Galloway,,Galloway,Lowe,AGCL,
2018,6,20,South Shaw,N,QUAD,4,2,CRST,1,Galloway,,Galloway,Lowe,CRST,
2018,6,20,South Shaw,N,QUAD,4,2,PYHA,1,Galloway,,Galloway,Lowe,PYHA,
2018,6,20,South Shaw,N,QUAD,4,2,PADA,4,Galloway,,Galloway,Lowe,PADA,
2018,6,20,South Shaw,N,QUAD,4,2,POMA,5,Galloway,,Galloway,Lowe,POMA,
2018,6,20,South Shaw,N,QUAD,4,2,BOVI,1,Galloway,,Galloway,Lowe,BOVI,
2018,6,20,South Shaw,N,QUAD,4,2,PAGU,5,Galloway,,Galloway,Lowe,PAGU,
2018,6,20,South Shaw,N,QUAD,4,2,PACA,1,Galloway,,Galloway,Lowe,PACA,
2018,6,20,South Shaw,N,QUAD,4,2,PAPL,1,Galloway,,Galloway,Lowe,PAPL,
2018,6,20,South Shaw,N,QUAD,4,2,SACO,1,Galloway,,Galloway,Lowe,SACO,
2018,6,20,South Shaw,N,QUAD,4,2,UKCT,1,Galloway,,Galloway,Lowe,UKCT,
2018,6,20,South Shaw,N,QUAD,4,3,AGFI,8,Galloway,,Galloway,Lowe,AGFI,
2018,6,20,South Shaw,N,QUAD,4,3,AGCL,2,Galloway,,Galloway,Lowe,AGCL,
2018,6,20,South Shaw,N,QUAD,4,3,CNFI,2,Galloway,,Galloway,Lowe,CNFI,
2018,6,20,South Shaw,N,QUAD,4,3,PYHA,3,Galloway,,Galloway,Lowe,PYHA,
2018,6,20,South Shaw,N,QUAD,4,3,PADA,3,Galloway,,Galloway,Lowe,PADA,
2018,6,20,South Shaw,N,QUAD,4,3,TETR,3,Galloway,,Galloway,Lowe,TETR,
2018,6,20,South Shaw,N,QUAD,4,3,HELE,1,Galloway,,Galloway,Lowe,HELE,
2018,6,20,South Shaw,N,QUAD,4,3,POMA,21,Galloway,,Galloway,Lowe,POMA,
2018,6,20,South Shaw,N,QUAD,4,3,TOLI,1,Galloway,,Galloway,Lowe,TOLI,
2018,6,20,South Shaw,N,QUAD,4,3,PAGU,8,Galloway,,Galloway,Lowe,PAGU,
2018,6,20,South Shaw,N,QUAD,4,4,AGFI,10,Galloway,,Galloway,Lowe,AGFI,
2018,6,20,South Shaw,N,QUAD,4,4,SALANI,5,Galloway,,Galloway,Lowe,SALANI,
2018,6,20,South Shaw,N,QUAD,4,4,AGCL,7,Galloway,,Galloway,Lowe,AGCL,
2018,6,20,South Shaw,N,QUAD,4,4,CNFI,4,Galloway,,Galloway,Lowe,CNFI,
2018,6,20,South Shaw,N,QUAD,4,4,PYHA,8,Galloway,,Galloway,Lowe,PYHA,
2018,6,20,South Shaw,N,QUAD,4,4,PADA,1,Galloway,,Galloway,Lowe,PADA,
2018,6,20,South Shaw,N,QUAD,4,4,TETR,1,Galloway,,Galloway,Lowe,TETR,
2018,6,20,South Shaw,N,QUAD,4,4,POMA,11,Galloway,,Galloway,Lowe,POMA,
2018,6,20,South Shaw,N,QUAD,4,4,BOVI,1,Galloway,,Galloway,Lowe,BOVI,
2018,6,20,South Shaw,N,QUAD,4,4,TOLI,1,Galloway,,Galloway,Lowe,TOLI,
2018,6,20,South Shaw,N,QUAD,4,4,PAGU,3,Galloway,,Galloway,Lowe,PAGU,
2018,6,20,South Shaw,N,QUAD,4,4,ARLA,1,Galloway,,Galloway,Lowe,ARLA,
2018,6,20,South Shaw,N,QUAD,4,4,SAJU,3,Galloway,,Galloway,Lowe,SAJU,
2018,6,20,South Shaw,N,QUAD,5,1,AGFI,11,Galloway,,Galloway,Lowe,AGFI,
2018,6,20,South Shaw,N,QUAD,5,1,SALANI,1,Galloway,,Galloway,Lowe,SALANI,
2018,6,20,South Shaw,N,QUAD,5,1,AGCL,2,Galloway,,Galloway,Lowe,AGCL,
2018,6,20,South Shaw,N,QUAD,5,1,PYHA,1,Galloway,,Galloway,Lowe,PYHA,
2018,6,20,South Shaw,N,QUAD,5,1,PADA,1,Galloway,,Galloway,Lowe,PADA,
2018,6,20,South Shaw,N,QUAD,5,1,CALI,3,Galloway,,Galloway,Lowe,CALI,
2018,6,20,South Shaw,N,QUAD,5,1,POMA,8,Galloway,,Galloway,Lowe,POMA,
2018,6,20,South Shaw,N,QUAD,5,1,BOVI,2,Galloway,,Galloway,Lowe,BOVI,
2018,6,20,South Shaw,N,QUAD,5,1,PAGU,5,Galloway,,Galloway,Lowe,PAGU,
2018,6,20,South Shaw,N,QUAD,5,1,SAJU,6,Galloway,,Galloway,Lowe,SAJU,
2018,6,20,South Shaw,N,QUAD,5,1,PAPL,1,Galloway,,Galloway,Lowe,PAPL,
2018,6,20,South Shaw,N,QUAD,5,1,UKCT,2,Galloway,,Galloway,Lowe,UKCT,
2018,6,20,South Shaw,N,QUAD,5,1,TECH,1,Galloway,,Galloway,Lowe,TECH,
2018,6,20,South Shaw,N,QUAD,5,1,SAMU,1,Galloway,,Galloway,Lowe,SAMU,
2018,6,20,South Shaw,N,QUAD,5,2,AGFI,4,Galloway,,Galloway,Lowe,AGFI,
2018,6,20,South Shaw,N,QUAD,5,2,SALANI,2,Galloway,,Galloway,Lowe,SALANI,
2018,6,20,South Shaw,N,QUAD,5,2,PYHA,1,Galloway,,Galloway,Lowe,PYHA,
2018,6,20,South Shaw,N,QUAD,5,2,POMA,2,Galloway,,Galloway,Lowe,POMA,
2018,6,20,South Shaw,N,QUAD,5,2,PAGU,1,Galloway,,Galloway,Lowe,PAGU,
2018,6,20,South Shaw,N,QUAD,5,2,PACA,1,Galloway,,Galloway,Lowe,PACA,
2018,6,20,South Shaw,N,QUAD,5,2,SACO,3,Galloway,,Galloway,Lowe,SACO,
2018,6,20,South Shaw,N,QUAD,5,3,AGFI,10,Galloway,,Galloway,Lowe,AGFI,
2018,6,20,South Shaw,N,QUAD,5,3,SALANI,3,Galloway,,Galloway,Lowe,SALANI,
2018,6,20,South Shaw,N,QUAD,5,3,AGCL,2,Galloway,,Galloway,Lowe,AGCL,
2018,6,20,South Shaw,N,QUAD,5,3,COCO,1,Galloway,,Galloway,Lowe,COCO,
2018,6,20,South Shaw,N,QUAD,5,3,CRST,2,Galloway,,Galloway,Lowe,CRST,
2018,6,20,South Shaw,N,QUAD,5,3,CALI,2,Galloway,,Galloway,Lowe,CALI,
2018,6,20,South Shaw,N,QUAD,5,3,POMA,3,Galloway,,Galloway,Lowe,POMA,
2018,6,20,South Shaw,N,QUAD,5,3,PAGU,4,Galloway,,Galloway,Lowe,PAGU,
2018,6,20,South Shaw,N,QUAD,5,3,SAJU,4,Galloway,,Galloway,Lowe,SAJU,
2018,6,20,South Shaw,N,QUAD,5,3,SACO,3,Galloway,,Galloway,Lowe,SACO,
2018,6,20,South Shaw,N,QUAD,5,3,UKCT,6,Galloway,,Galloway,Lowe,UKCT,
2018,6,20,South Shaw,N,QUAD,5,4,AGFI,9,Galloway,,Galloway,Lowe,AGFI,
2018,6,20,South Shaw,N,QUAD,5,4,SALANI,1,Galloway,,Galloway,Lowe,SALANI,
2018,6,20,South Shaw,N,QUAD,5,4,AGCL,3,Galloway,,Galloway,Lowe,AGCL,
2018,6,20,South Shaw,N,QUAD,5,4,PADA,1,Galloway,,Galloway,Lowe,PADA,
2018,6,20,South Shaw,N,QUAD,5,4,CALI,3,Galloway,,Galloway,Lowe,CALI,
2018,6,20,South Shaw,N,QUAD,5,4,POMA,6,Galloway,,Galloway,Lowe,POMA,
2018,6,20,South Shaw,N,QUAD,5,4,TOLI,3,Galloway,,Galloway,Lowe,TOLI,
2018,6,20,South Shaw,N,QUAD,5,4,PAGU,3,Galloway,,Galloway,Lowe,PAGU,
2018,6,20,South Shaw,N,QUAD,5,4,SAJU,1,Galloway,,Galloway,Lowe,SAJU,
2018,6,20,South Shaw,N,QUAD,5,4,PAPL,1,Galloway,,Galloway,Lowe,PAPL,
2018,6,20,South Shaw,N,QUAD,5,4,SACO,1,Galloway,,Galloway,Lowe,SACO,
2018,6,20,South Shaw,N,QUAD,5,4,UKCT,1,Galloway,,Galloway,Lowe,UKCT,
2018,6,20,South Shaw,N,QUAD,5,4,TEPU,1,Galloway,,Galloway,Lowe,TEPU,
2018,6,20,South Shaw,N,QUAD,6,1,AGFI,5,Galloway,,Galloway,Lowe,AGFI,
2018,6,20,South Shaw,N,QUAD,6,1,AGCL,2,Galloway,,Galloway,Lowe,AGCL,
2018,6,20,South Shaw,N,QUAD,6,1,CNFI,2,Galloway,,Galloway,Lowe,CNFI,
2018,6,20,South Shaw,N,QUAD,6,1,TETR,1,Galloway,,Galloway,Lowe,TETR,
2018,6,20,South Shaw,N,QUAD,6,1,POMA,10,Galloway,,Galloway,Lowe,POMA,
2018,6,20,South Shaw,N,QUAD,6,1,TOLI,3,Galloway,,Galloway,Lowe,TOLI,
2018,6,20,South Shaw,N,QUAD,6,1,PAGU,1,Galloway,,Galloway,Lowe,PAGU,
2018,6,20,South Shaw,N,QUAD,6,1,UKCT,4,Galloway,,Galloway,Lowe,UKCT,
2018,6,20,South Shaw,N,QUAD,6,1,PYHE,1,Galloway,,Galloway,Lowe,PYHE,
2018,6,20,South Shaw,N,QUAD,6,1,CEFO,1,Galloway,,Galloway,Lowe,CEFO,
2018,6,20,South Shaw,N,QUAD,6,1,PSCH,4,Galloway,,Galloway,Lowe,PSCH,
2018,6,20,South Shaw,N,QUAD,6,1,BACR,3,Galloway,,Galloway,Lowe,BACR,
2018,6,20,South Shaw,N,QUAD,6,2,AGFI,10,Galloway,,Galloway,Lowe,AGFI,
2018,6,20,South Shaw,N,QUAD,6,2,SALANI,1,Galloway,,Galloway,Lowe,SALANI,
2018,6,20,South Shaw,N,QUAD,6,2,AGCL,5,Galloway,,Galloway,Lowe,AGCL,
2018,6,20,South Shaw,N,QUAD,6,2,CNFI,3,Galloway,,Galloway,Lowe,CNFI,
2018,6,20,South Shaw,N,QUAD,6,2,PADA,2,Galloway,,Galloway,Lowe,PADA,
2018,6,20,South Shaw,N,QUAD,6,2,TETR,3,Galloway,,Galloway,Lowe,TETR,
2018,6,20,South Shaw,N,QUAD,6,2,POMA,9,Galloway,,Galloway,Lowe,POMA,
2018,6,20,South Shaw,N,QUAD,6,2,PAGU,4,Galloway,,Galloway,Lowe,PAGU,
2018,6,20,South Shaw,N,QUAD,6,2,SAJU,47,Galloway,,Galloway,Lowe,SAJU,
2018,6,20,South Shaw,N,QUAD,6,2,UKCT,1,Galloway,,Galloway,Lowe,UKCT,
2018,6,20,South Shaw,N,QUAD,6,2,PSCH,3,Galloway,,Galloway,Lowe,PSCH,
2018,6,20,South Shaw,N,QUAD,6,2,MOSP,1,Galloway,,Galloway,Lowe,MOSP,
2018,6,20,South Shaw,N,QUAD,6,2,BANU,6,Galloway,,Galloway,Lowe,BANU,
2018,6,20,South Shaw,N,QUAD,6,2,CUMI,5,Galloway,,Galloway,Lowe,CUMI,
2018,6,20,South Shaw,N,QUAD,6,2,MEFR,2,Galloway,,Galloway,Lowe,MEFR,
2018,6,20,South Shaw,N,QUAD,6,2,DELI,3,Galloway,,Galloway,Lowe,DELI,
2018,6,20,South Shaw,N,QUAD,6,2,LESP,1,Galloway,,Galloway,Lowe,LESP,
2018,6,20,South Shaw,N,QUAD,6,3,AGFI,8,Galloway,,Galloway,Lowe,AGFI,
2018,6,20,South Shaw,N,QUAD,6,3,SALANI,2,Galloway,,Galloway,Lowe,SALANI,
2018,6,20,South Shaw,N,QUAD,6,3,AGCL,1,Galloway,,Galloway,Lowe,AGCL,
2018,6,20,South Shaw,N,QUAD,6,3,PADA,2,Galloway,,Galloway,Lowe,PADA,
2018,6,20,South Shaw,N,QUAD,6,3,POMA,20,Galloway,,Galloway,Lowe,POMA,
2018,6,20,South Shaw,N,QUAD,6,3,BOVI,2,Galloway,,Galloway,Lowe,BOVI,
2018,6,20,South Shaw,N,QUAD,6,3,TOLI,2,Galloway,,Galloway,Lowe,TOLI,
2018,6,20,South Shaw,N,QUAD,6,3,PAGU,2,Galloway,,Galloway,Lowe,PAGU,
2018,6,20,South Shaw,N,QUAD,6,3,PAPL,1,Galloway,,Galloway,Lowe,PAPL,
2018,6,20,South Shaw,N,QUAD,6,3,SACO,7,Galloway,,Galloway,Lowe,SACO,
2018,6,20,South Shaw,N,QUAD,6,3,BACR,20,Galloway,,Galloway,Lowe,BACR,
2018,6,20,South Shaw,N,QUAD,6,3,MOSP,1,Galloway,,Galloway,Lowe,MOSP,
2018,6,20,South Shaw,N,QUAD,6,3,LESP,1,Galloway,,Galloway,Lowe,LESP,
2018,6,20,South Shaw,N,QUAD,6,4,AGFI,9,Galloway,,Galloway,Lowe,AGFI,
2018,6,20,South Shaw,N,QUAD,6,4,ENBI,1,Galloway,,Galloway,Lowe,ENBI,
2018,6,20,South Shaw,N,QUAD,6,4,PYHA,4,Galloway,,Galloway,Lowe,PYHA,
2018,6,20,South Shaw,N,QUAD,6,4,TETR,4,Galloway,,Galloway,Lowe,TETR,
2018,6,20,South Shaw,N,QUAD,6,4,POMA,10,Galloway,,Galloway,Lowe,POMA,
2018,6,20,South Shaw,N,QUAD,6,4,PESP,1,Galloway,,Galloway,Lowe,PESP,
2018,6,20,South Shaw,N,QUAD,6,4,SAJU,2,Galloway,,Galloway,Lowe,SAJU,
2018,6,20,South Shaw,N,QUAD,6,4,PAPL,1,Galloway,,Galloway,Lowe,PAPL,
2018,6,20,South Shaw,N,QUAD,6,4,SACO,4,Galloway,,Galloway,Lowe,SACO,
2018,6,20,South Shaw,N,QUAD,6,4,UKCT,2,Galloway,,Galloway,Lowe,UKCT,
2018,6,20,South Shaw,N,QUAD,6,4,PSCH,1,Galloway,,Galloway,Lowe,PSCH,
2018,6,20,South Shaw,N,QUAD,6,4,BACR,38,Galloway,,Galloway,Lowe,BACR,
2018,6,20,South Shaw,N,QUAD,6,4,DOAL,1,Galloway,,Galloway,Lowe,DOAL,
2018,6,20,South Shaw,N,UPC,1,1,BRAN,3,Lowe,,Lowe,Galloway,BRAN,
2018,6,20,South Shaw,N,UPC,1,1,SANI,9,Lowe,,Lowe,Galloway,SACO,
2018,6,20,South Shaw,N,UPC,1,1,AGFI,2,Lowe,,Lowe,Galloway,AGFI,
2018,6,20,South Shaw,N,UPC,1,1,SALANI,1,Lowe,,Lowe,Galloway,SALANI,
2018,6,20,South Shaw,N,UPC,1,1,CCA,3,Lowe,,Lowe,Galloway,CCA,
2018,6,20,South Shaw,N,UPC,1,1,LEAF,2,Lowe,,Lowe,Galloway,LEAF,
2018,6,20,South Shaw,N,UPC,1,1,UKHY,4,Lowe,,Lowe,Galloway,UKHY,
2018,6,20,South Shaw,N,UPC,1,1,LACY,1,Lowe,,Lowe,Galloway,LACY,
2018,6,20,South Shaw,N,UPC,1,1,B,9,Lowe,,Lowe,Galloway,B,
2018,6,20,South Shaw,N,UPC,1,4,BRAN,1,Lowe,,Lowe,Galloway,BRAN,
2018,6,20,South Shaw,N,UPC,1,4,SANI,13,Lowe,,Lowe,Galloway,SACO,
2018,6,20,South Shaw,N,UPC,1,4,AGFI,6,Lowe,,Lowe,Galloway,AGFI,
2018,6,20,South Shaw,N,UPC,1,4,CCA,2,Lowe,,Lowe,Galloway,CCA,
2018,6,20,South Shaw,N,UPC,1,4,UKHY,5,Lowe,,Lowe,Galloway,UKHY,
2018,6,20,South Shaw,N,UPC,1,4,LACY,3,Lowe,,Lowe,Galloway,LACY,
2018,6,20,South Shaw,N,UPC,1,4,B,9,Lowe,,Lowe,Galloway,B,
2018,6,20,South Shaw,N,UPC,1,3,SANI,8,Lowe,,Lowe,Galloway,SACO,
2018,6,20,South Shaw,N,UPC,1,3,AGFI,4,Lowe,,Lowe,Galloway,AGFI,
2018,6,20,South Shaw,N,UPC,1,3,LEAF,3,Lowe,,Lowe,Galloway,LEAF,
2018,6,20,South Shaw,N,UPC,1,3,UKHY,4,Lowe,,Lowe,Galloway,UKHY,
2018,6,20,South Shaw,N,UPC,1,3,LACY,7,Lowe,,Lowe,Galloway,LACY,
2018,6,20,South Shaw,N,UPC,1,3,COCO,1,Lowe,,Lowe,Galloway,COCO,
2018,6,20,South Shaw,N,UPC,1,3,OPCA,1,Lowe,,Lowe,Galloway,OPCA,
2018,6,20,South Shaw,N,UPC,1,3,B,8,Lowe,,Lowe,Galloway,B,
2018,6,20,South Shaw,N,UPC,1,3,S,1,Lowe,,Lowe,Galloway,S,
2018,6,20,South Shaw,N,UPC,1,2,SANI,5,Lowe,,Lowe,Galloway,SACO,
2018,6,20,South Shaw,N,UPC,1,2,AGFI,18,Lowe,,Lowe,Galloway,AGFI,
2018,6,20,South Shaw,N,UPC,1,2,LEAF,6,Lowe,,Lowe,Galloway,LEAF,
2018,6,20,South Shaw,N,UPC,1,2,UKHY,7,Lowe,,Lowe,Galloway,UKHY,
2018,6,20,South Shaw,N,UPC,1,2,LACY,2,Lowe,,Lowe,Galloway,LACY,
2018,6,20,South Shaw,N,UPC,1,2,COCO,1,Lowe,,Lowe,Galloway,COCO,
2018,6,20,South Shaw,N,UPC,1,2,B,9,Lowe,,Lowe,Galloway,B,
2018,6,20,South Shaw,N,UPC,2,1,SANI,6,Lowe,,Lowe,Galloway,SACO,
2018,6,20,South Shaw,N,UPC,2,1,AGFI,11,Lowe,,Lowe,Galloway,AGFI,
2018,6,20,South Shaw,N,UPC,2,1,SALANI,3,Lowe,,Lowe,Galloway,SALANI,
2018,6,20,South Shaw,N,UPC,2,1,CCA,2,Lowe,,Lowe,Galloway,CCA,
2018,6,20,South Shaw,N,UPC,2,1,UKHY,2,Lowe,,Lowe,Galloway,UKHY,
2018,6,20,South Shaw,N,UPC,2,1,LACY,3,Lowe,,Lowe,Galloway,LACY,
2018,6,20,South Shaw,N,UPC,2,1,COCO,1,Lowe,,Lowe,Galloway,COCO,
2018,6,20,South Shaw,N,UPC,2,1,SCPA,1,Lowe,,Lowe,Galloway,SCPA,
2018,6,20,South Shaw,N,UPC,2,1,SAMU,1,Lowe,,Lowe,Galloway,SAMU,
2018,6,20,South Shaw,N,UPC,2,1,B,6,Lowe,,Lowe,Galloway,B,
2018,6,20,South Shaw,N,UPC,2,1,SH,3,Lowe,,Lowe,Galloway,SH,
2018,6,20,South Shaw,N,UPC,2,2,SANI,14,Lowe,,Lowe,Galloway,SACO,
2018,6,20,South Shaw,N,UPC,2,2,AGFI,18,Lowe,,Lowe,Galloway,AGFI,
2018,6,20,South Shaw,N,UPC,2,2,CCA,2,Lowe,,Lowe,Galloway,CCA,
2018,6,20,South Shaw,N,UPC,2,2,UKHY,4,Lowe,,Lowe,Galloway,UKHY,
2018,6,20,South Shaw,N,UPC,2,2,LACY,1,Lowe,,Lowe,Galloway,LACY,
2018,6,20,South Shaw,N,UPC,2,2,LAMH,1,Lowe,,Lowe,Galloway,LAMH,
2018,6,20,South Shaw,N,UPC,2,2,B,8,Lowe,,Lowe,Galloway,B,
2018,6,20,South Shaw,N,UPC,2,2,SH,1,Lowe,,Lowe,Galloway,SH,
2018,6,20,South Shaw,N,UPC,2,3,SANI,4,Lowe,,Lowe,Galloway,SACO,
2018,6,20,South Shaw,N,UPC,2,3,AGFI,12,Lowe,,Lowe,Galloway,AGFI,
2018,6,20,South Shaw,N,UPC,2,3,LEAF,1,Lowe,,Lowe,Galloway,LEAF,
2018,6,20,South Shaw,N,UPC,2,3,UKHY,8,Lowe,,Lowe,Galloway,UKHY,
2018,6,20,South Shaw,N,UPC,2,3,LACY,3,Lowe,,Lowe,Galloway,LACY,
2018,6,20,South Shaw,N,UPC,2,3,COCO,2,Lowe,,Lowe,Galloway,COCO,
2018,6,20,South Shaw,N,UPC,2,3,SCPA,2,Lowe,,Lowe,Galloway,SCPA,
2018,6,20,South Shaw,N,UPC,2,3,B,9,Lowe,,Lowe,Galloway,B,
2018,6,20,South Shaw,N,UPC,2,4,SANI,8,Lowe,,Lowe,Galloway,SACO,
2018,6,20,South Shaw,N,UPC,2,4,AGFI,16,Lowe,,Lowe,Galloway,AGFI,
2018,6,20,South Shaw,N,UPC,2,4,SALANI,4,Lowe,,Lowe,Galloway,SALANI,
2018,6,20,South Shaw,N,UPC,2,4,CCA,2,Lowe,,Lowe,Galloway,CCA,
2018,6,20,South Shaw,N,UPC,2,4,LEAF,1,Lowe,,Lowe,Galloway,LEAF,
2018,6,20,South Shaw,N,UPC,2,4,UKHY,5,Lowe,,Lowe,Galloway,UKHY,
2018,6,20,South Shaw,N,UPC,2,4,LAMH,1,Lowe,,Lowe,Galloway,LAMH,
2018,6,20,South Shaw,N,UPC,2,4,B,9,Lowe,,Lowe,Galloway,B,
2018,6,20,South Shaw,N,UPC,3,1,SANI,3,Lowe,,Lowe,Galloway,SACO,
2018,6,20,South Shaw,N,UPC,3,1,AGFI,14,Lowe,,Lowe,Galloway,AGFI,
2018,6,20,South Shaw,N,UPC,3,1,CCA,9,Lowe,,Lowe,Galloway,CCA,
2018,6,20,South Shaw,N,UPC,3,1,LEAF,1,Lowe,,Lowe,Galloway,LEAF,
2018,6,20,South Shaw,N,UPC,3,1,LACY,1,Lowe,,Lowe,Galloway,LACY,
2018,6,20,South Shaw,N,UPC,3,1,OPCA,4,Lowe,,Lowe,Galloway,OPCA,
2018,6,20,South Shaw,N,UPC,3,1,LAMH,1,Lowe,,Lowe,Galloway,LAMH,
2018,6,20,South Shaw,N,UPC,3,1,AGCL,1,Lowe,,Lowe,Galloway,AGCL,
2018,6,20,South Shaw,N,UPC,3,1,BOSP,1,Lowe,,Lowe,Galloway,BOSP,
2018,6,20,South Shaw,N,UPC,3,1,B,9,Lowe,,Lowe,Galloway,B,
2018,6,20,South Shaw,N,UPC,3,2,SANI,3,Lowe,,Lowe,Galloway,SACO,
2018,6,20,South Shaw,N,UPC,3,2,AGFI,10,Lowe,,Lowe,Galloway,AGFI,
2018,6,20,South Shaw,N,UPC,3,2,CCA,5,Lowe,,Lowe,Galloway,CCA,
2018,6,20,South Shaw,N,UPC,3,2,UKHY,2,Lowe,,Lowe,Galloway,UKHY,
2018,6,20,South Shaw,N,UPC,3,2,OPCA,1,Lowe,,Lowe,Galloway,OPCA,
2018,6,20,South Shaw,N,UPC,3,2,HAIG,1,Lowe,,Lowe,Galloway,HAIG,
2018,6,20,South Shaw,N,UPC,3,2,POMA,1,Lowe,,Lowe,Galloway,POMA,
2018,6,20,South Shaw,N,UPC,3,2,B,9,Lowe,,Lowe,Galloway,B,
2018,6,20,South Shaw,N,UPC,3,3,BRAN,1,Lowe,,Lowe,Galloway,BRAN,
2018,6,20,South Shaw,N,UPC,3,3,SANI,11,Lowe,,Lowe,Galloway,SACO,
2018,6,20,South Shaw,N,UPC,3,3,AGFI,6,Lowe,,Lowe,Galloway,AGFI,
2018,6,20,South Shaw,N,UPC,3,3,SALANI,1,Lowe,,Lowe,Galloway,SALANI,
2018,6,20,South Shaw,N,UPC,3,3,CCA,1,Lowe,,Lowe,Galloway,CCA,
2018,6,20,South Shaw,N,UPC,3,3,LACY,8,Lowe,,Lowe,Galloway,LACY,
2018,6,20,South Shaw,N,UPC,3,3,OPCA,1,Lowe,,Lowe,Galloway,OPCA,
2018,6,20,South Shaw,N,UPC,3,3,LAMH,1,Lowe,,Lowe,Galloway,LAMH,
2018,6,20,South Shaw,N,UPC,3,3,B,9,Lowe,,Lowe,Galloway,B,
2018,6,20,South Shaw,N,UPC,3,4,BRAN,1,Lowe,,Lowe,Galloway,BRAN,
2018,6,20,South Shaw,N,UPC,3,4,SANI,7,Lowe,,Lowe,Galloway,SACO,
2018,6,20,South Shaw,N,UPC,3,4,AGFI,15,Lowe,,Lowe,Galloway,AGFI,
2018,6,20,South Shaw,N,UPC,3,4,CCA,5,Lowe,,Lowe,Galloway,CCA,
2018,6,20,South Shaw,N,UPC,3,4,UKHY,4,Lowe,,Lowe,Galloway,UKHY,
2018,6,20,South Shaw,N,UPC,3,4,LACY,2,Lowe,,Lowe,Galloway,LACY,
2018,6,20,South Shaw,N,UPC,3,4,B,9,Lowe,,Lowe,Galloway,B,
2018,6,20,South Shaw,N,UPC,4,1,AGFI,19,Lowe,,Lowe,Galloway,AGFI,
2018,6,20,South Shaw,N,UPC,4,1,SANI,4,Lowe,,Lowe,Galloway,SACO,
2018,6,20,South Shaw,N,UPC,4,1,OPCA,4,Lowe,,Lowe,Galloway,OPCA,
2018,6,20,South Shaw,N,UPC,4,1,CCA,4,Lowe,,Lowe,Galloway,CCA,
2018,6,20,South Shaw,N,UPC,4,1,UKHY,4,Lowe,,Lowe,Galloway,UKHY,
2018,6,20,South Shaw,N,UPC,4,1,SALA,1,Lowe,,Lowe,Galloway,SALANI,
2018,6,20,South Shaw,N,UPC,4,1,LACY,1,Lowe,,Lowe,Galloway,LACY,
2018,6,20,South Shaw,N,UPC,4,1,B,9,Lowe,,Lowe,Galloway,B,
2018,6,20,South Shaw,N,UPC,4,2,AGFI,18,Lowe,,Lowe,Galloway,AGFI,
2018,6,20,South Shaw,N,UPC,4,2,SANI,15,Lowe,,Lowe,Galloway,SACO,
2018,6,20,South Shaw,N,UPC,4,2,CCA,3,Lowe,,Lowe,Galloway,CCA,
2018,6,20,South Shaw,N,UPC,4,2,UKHY,1,Lowe,,Lowe,Galloway,UKHY,
2018,6,20,South Shaw,N,UPC,4,2,BS,1,Lowe,,Lowe,Galloway,BS,
2018,6,20,South Shaw,N,UPC,4,2,B,3,Lowe,,Lowe,Galloway,B,
2018,6,20,South Shaw,N,UPC,4,2,S,5,Lowe,,Lowe,Galloway,S,
2018,6,20,South Shaw,N,UPC,4,3,AGFI,17,Lowe,,Lowe,Galloway,AGFI,
2018,6,20,South Shaw,N,UPC,4,3,SANI,1,Lowe,,Lowe,Galloway,SACO,
2018,6,20,South Shaw,N,UPC,4,3,OPCA,1,Lowe,,Lowe,Galloway,OPCA,
2018,6,20,South Shaw,N,UPC,4,3,CCA,8,Lowe,,Lowe,Galloway,CCA,
2018,6,20,South Shaw,N,UPC,4,3,UKHY,1,Lowe,,Lowe,Galloway,UKHY,
2018,6,20,South Shaw,N,UPC,4,3,C,2,Lowe,,Lowe,Galloway,C,
2018,6,20,South Shaw,N,UPC,4,3,BS,1,Lowe,,Lowe,Galloway,BS,
2018,6,20,South Shaw,N,UPC,4,3,B,6,Lowe,,Lowe,Galloway,B,
2018,6,20,South Shaw,N,UPC,4,4,AGFI,14,Lowe,,Lowe,Galloway,AGFI,
2018,6,20,South Shaw,N,UPC,4,4,OPCA,2,Lowe,,Lowe,Galloway,OPCA,
2018,6,20,South Shaw,N,UPC,4,4,CCA,2,Lowe,,Lowe,Galloway,CCA,
2018,6,20,South Shaw,N,UPC,4,4,UKHY,4,Lowe,,Lowe,Galloway,UKHY,
2018,6,20,South Shaw,N,UPC,4,4,SALANI,1,Lowe,,Lowe,Galloway,SALANI,
2018,6,20,South Shaw,N,UPC,4,4,LACY,2,Lowe,,Lowe,Galloway,LACY,
2018,6,20,South Shaw,N,UPC,4,4,LEAF,3,Lowe,,Lowe,Galloway,LEAF,
2018,6,20,South Shaw,N,UPC,4,4,BRAN,2,Lowe,,Lowe,Galloway,BRAN,
2018,6,20,South Shaw,N,UPC,4,4,PLPA,1,Lowe,,Lowe,Galloway,PLPA,
2018,6,20,South Shaw,N,UPC,4,4,LAMH,1,Lowe,,Lowe,Galloway,LAMH,
2018,6,20,South Shaw,N,UPC,4,4,B,9,Lowe,,Lowe,Galloway,B,
2018,6,20,South Shaw,N,UPC,5,1,AGFI,14,Lowe,,Lowe,Galloway,AGFI,
2018,6,20,South Shaw,N,UPC,5,1,SANI,2,Lowe,,Lowe,Galloway,SACO,
2018,6,20,South Shaw,N,UPC,5,1,OPCA,1,Lowe,,Lowe,Galloway,OPCA,
2018,6,20,South Shaw,N,UPC,5,1,CCA,5,Lowe,,Lowe,Galloway,CCA,
2018,6,20,South Shaw,N,UPC,5,1,UKHY,1,Lowe,,Lowe,Galloway,UKHY,
2018,6,20,South Shaw,N,UPC,5,1,BRAN,1,Lowe,,Lowe,Galloway,BRAN,
2018,6,20,South Shaw,N,UPC,5,1,POMA,1,Lowe,,Lowe,Galloway,POMA,
2018,6,20,South Shaw,N,UPC,5,1,B,9,Lowe,,Lowe,Galloway,B,
2018,6,20,South Shaw,N,UPC,5,2,AGFI,5,Lowe,,Lowe,Galloway,AGFI,
2018,6,20,South Shaw,N,UPC,5,2,SANI,11,Lowe,,Lowe,Galloway,SACO,
2018,6,20,South Shaw,N,UPC,5,2,CCA,4,Lowe,,Lowe,Galloway,CCA,
2018,6,20,South Shaw,N,UPC,5,2,UKHY,3,Lowe,,Lowe,Galloway,UKHY,
2018,6,20,South Shaw,N,UPC,5,2,SALA,2,Lowe,,Lowe,Galloway,SALANI,
2018,6,20,South Shaw,N,UPC,5,2,PLPA,4,Lowe,,Lowe,Galloway,PLPA,
2018,6,20,South Shaw,N,UPC,5,2,B,9,Lowe,,Lowe,Galloway,B,
2018,6,20,South Shaw,N,UPC,5,3,AGFI,24,Lowe,,Lowe,Galloway,AGFI,
2018,6,20,South Shaw,N,UPC,5,3,SANI,10,Lowe,,Lowe,Galloway,SACO,
2018,6,20,South Shaw,N,UPC,5,3,CCA,7,Lowe,,Lowe,Galloway,CCA,
2018,6,20,South Shaw,N,UPC,5,3,UKHY,2,Lowe,,Lowe,Galloway,UKHY,
2018,6,20,South Shaw,N,UPC,5,3,B,9,Lowe,,Lowe,Galloway,B,
2018,6,20,South Shaw,N,UPC,5,4,AGFI,21,Lowe,,Lowe,Galloway,AGFI,
2018,6,20,South Shaw,N,UPC,5,4,SANI,3,Lowe,,Lowe,Galloway,SACO,
2018,6,20,South Shaw,N,UPC,5,4,OPCA,1,Lowe,,Lowe,Galloway,OPCA,
2018,6,20,South Shaw,N,UPC,5,4,CCA,2,Lowe,,Lowe,Galloway,CCA,
2018,6,20,South Shaw,N,UPC,5,4,UKHY,6,Lowe,,Lowe,Galloway,UKHY,
2018,6,20,South Shaw,N,UPC,5,4,BRAN,1,Lowe,,Lowe,Galloway,BRAN,
2018,6,20,South Shaw,N,UPC,5,4,PLPA,1,Lowe,,Lowe,Galloway,PLPA,
2018,6,20,South Shaw,N,UPC,5,4,SCPA,1,Lowe,,Lowe,Galloway,SCPA,
2018,6,20,South Shaw,N,UPC,5,4,B,9,Lowe,,Lowe,Galloway,B,
2018,6,20,South Shaw,N,UPC,6,1,AGFI,15,Lowe,,Lowe,Galloway,AGFI,
2018,6,20,South Shaw,N,UPC,6,1,OPCA,1,Lowe,,Lowe,Galloway,OPCA,
2018,6,20,South Shaw,N,UPC,6,1,CCA,7,Lowe,,Lowe,Galloway,CCA,
2018,6,20,South Shaw,N,UPC,6,1,C,2,Lowe,,Lowe,Galloway,C,
2018,6,20,South Shaw,N,UPC,6,1,B,6,Lowe,,Lowe,Galloway,B,
2018,6,20,South Shaw,N,UPC,6,1,SH,1,Lowe,,Lowe,Galloway,SH,
2018,6,20,South Shaw,N,UPC,6,2,AGFI,15,Lowe,,Lowe,Galloway,AGFI,
2018,6,20,South Shaw,N,UPC,6,2,OPCA,1,Lowe,,Lowe,Galloway,OPCA,
2018,6,20,South Shaw,N,UPC,6,2,CCA,3,Lowe,,Lowe,Galloway,CCA,
2018,6,20,South Shaw,N,UPC,6,2,UKHY,5,Lowe,,Lowe,Galloway,UKHY,
2018,6,20,South Shaw,N,UPC,6,2,SALANI,1,Lowe,,Lowe,Galloway,SALANI,
2018,6,20,South Shaw,N,UPC,6,2,LEAF,1,Lowe,,Lowe,Galloway,LEAF,
2018,6,20,South Shaw,N,UPC,6,2,C,2,Lowe,,Lowe,Galloway,C,
2018,6,20,South Shaw,N,UPC,6,2,B,6,Lowe,,Lowe,Galloway,B,
2018,6,20,South Shaw,N,UPC,6,2,SH,1,Lowe,,Lowe,Galloway,SH,
2018,6,20,South Shaw,N,UPC,6,3,AGFI,3,Lowe,,Lowe,Galloway,AGFI,
2018,6,20,South Shaw,N,UPC,6,3,SANI,1,Lowe,,Lowe,Galloway,SACO,
2018,6,20,South Shaw,N,UPC,6,3,OPCA,3,Lowe,,Lowe,Galloway,OPCA,
2018,6,20,South Shaw,N,UPC,6,3,CCA,9,Lowe,,Lowe,Galloway,CCA,
2018,6,20,South Shaw,N,UPC,6,3,SALANI,2,Lowe,,Lowe,Galloway,SALANI,
2018,6,20,South Shaw,N,UPC,6,3,LEAF,1,Lowe,,Lowe,Galloway,LEAF,
2018,6,20,South Shaw,N,UPC,6,3,SCPA,1,Lowe,,Lowe,Galloway,SCPA,
2018,6,20,South Shaw,N,UPC,6,3,B,9,Lowe,,Lowe,Galloway,B,
2018,6,20,South Shaw,N,UPC,6,4,AGFI,12,Lowe,,Lowe,Galloway,AGFI,
2018,6,20,South Shaw,N,UPC,6,4,CCA,4,Lowe,,Lowe,Galloway,CCA,
2018,6,20,South Shaw,N,UPC,6,4,UKHY,4,Lowe,,Lowe,Galloway,UKHY,
2018,6,20,South Shaw,N,UPC,6,4,BRAN,1,Lowe,,Lowe,Galloway,BRAN,
2018,6,20,South Shaw,N,UPC,6,4,CATU,1,Lowe,,Lowe,Galloway,CATU,
2018,6,20,South Shaw,N,UPC,6,4,B,9,Lowe,,Lowe,Galloway,B,
2018,6,22,South Shaw,N,QUAD,2,1,AGFI,2,Ames,,Ames,Bunker,AGFI,
2018,6,22,South Shaw,N,QUAD,2,1,SACO,1,Ames,,Ames,Bunker,SACO,
2018,6,22,South Shaw,N,QUAD,2,1,UPAN,1,Ames,,Ames,Bunker,UPAN,
2018,6,22,South Shaw,N,QUAD,2,1,AMCO,1,Ames,,Ames,Bunker,AMCO,
2018,6,22,South Shaw,N,QUAD,2,1,POMA,9,Ames,,Ames,Bunker,POMA,
2018,6,22,South Shaw,N,QUAD,2,1,UPAN,1,Ames,,Ames,Bunker,UPAN,
2018,6,22,South Shaw,N,QUAD,2,2,AGFI,8,Ames,,Ames,Bunker,AGFI,
2018,6,22,South Shaw,N,QUAD,2,2,SALANI,1,Ames,,Ames,Bunker,SALANI,
2018,6,22,South Shaw,N,QUAD,2,2,SACO,1,Ames,,Ames,Bunker,SACO,
2018,6,22,South Shaw,N,QUAD,2,2,POMA,20,Ames,,Ames,Bunker,POMA,
2018,6,22,South Shaw,N,QUAD,2,2,PUPR,1,Ames,,Ames,Bunker,PUPR,
2018,6,22,South Shaw,N,QUAD,2,2,ARHE,1,Ames,,Ames,Bunker,ARHE,
2018,6,22,South Shaw,N,QUAD,2,2,UPAN,1,Ames,,Ames,Bunker,UPAN,
2018,6,22,South Shaw,N,QUAD,2,2,BOVI,1,Ames,,Ames,Bunker,BOVI,
2018,6,22,South Shaw,N,QUAD,2,2,CNFI,1,Ames,,Ames,Bunker,CNFI,
2018,6,22,South Shaw,N,QUAD,2,2,TOLI,1,Ames,,Ames,Bunker,TOLI,
2018,6,22,South Shaw,N,QUAD,2,3,AGFI,3,Ames,,Ames,Bunker,AGFI,
2018,6,22,South Shaw,N,QUAD,2,3,SALANI,1,Ames,,Ames,Bunker,SALANI,
2018,6,22,South Shaw,N,QUAD,2,3,SACO,3,Ames,,Ames,Bunker,SACO,
2018,6,22,South Shaw,N,QUAD,2,3,CALI,9,Ames,,Ames,Bunker,CALI,
2018,6,22,South Shaw,N,QUAD,2,3,LEAE,1,Ames,,Ames,Bunker,LEAE,
2018,6,22,South Shaw,N,QUAD,2,3,PAGU,1,Ames,,Ames,Bunker,PAGU,
2018,6,22,South Shaw,N,QUAD,2,3,BANU,1,Ames,,Ames,Bunker,BANU,
2018,6,22,South Shaw,N,QUAD,2,3,POMA,6,Ames,,Ames,Bunker,POMA,
2018,6,22,South Shaw,N,QUAD,2,4,AGFI,4,Ames,,Ames,Bunker,AGFI,
2018,6,22,South Shaw,N,QUAD,2,4,SALANI,1,Ames,,Ames,Bunker,SALANI,
2018,6,22,South Shaw,N,QUAD,2,4,SACO,1,Ames,,Ames,Bunker,SACO,
2018,6,22,South Shaw,N,QUAD,2,4,CALI,6,Ames,,Ames,Bunker,CALI,
2018,6,22,South Shaw,N,QUAD,1,4,AGRI,6,BUNKER,,BUNKER,AIMES,AGFI,"perhaps ""F"" became an ""R"""
2018,6,22,South Shaw,N,QUAD,1,4,AGCI,2,BUNKER,,BUNKER,AIMES,AGCL,"underlining on raw datasheet may have confused ""I"" with ""L"""
2018,6,22,South Shaw,N,QUAD,1,4,SACO,3,BUNKER,,BUNKER,AIMES,SACO,
2018,6,22,South Shaw,N,QUAD,1,4,ARCO,1,BUNKER,,BUNKER,AIMES,ARCO,
2018,6,22,South Shaw,N,QUAD,1,4,GUNN,1,BUNKER,,BUNKER,AIMES,GUNN,
2018,6,22,South Shaw,N,QUAD,1,4,CALI,43,BUNKER,,BUNKER,AIMES,CALI,
2018,6,22,South Shaw,N,QUAD,1,4,TOLI,1,BUNKER,,BUNKER,AIMES,TOLI,
2018,6,22,South Shaw,N,QUAD,1,4,NULA,11,BUNKER,,BUNKER,AIMES,NULA,
2018,6,22,South Shaw,N,QUAD,1,4,FUOR,1,BUNKER,,BUNKER,AIMES,FUOR,
2018,6,22,South Shaw,N,QUAD,1,4,POMA,3,BUNKER,,BUNKER,AIMES,POMA,
2018,6,22,South Shaw,N,QUAD,1,4,PAGU,3,BUNKER,,BUNKER,AIMES,PAGU,
2018,6,22,South Shaw,N,QUAD,1,4,CAOR,11,BUNKER,,BUNKER,AIMES,CAOR,
2018,6,22,South Shaw,N,QUAD,1,4,PADA,27,BUNKER,,BUNKER,AIMES,PADA,
2018,6,22,South Shaw,N,QUAD,1,4,CNFI,2,BUNKER,,BUNKER,AIMES,CNFI,
2018,6,22,South Shaw,N,QUAD,1,4,HELE,1,BUNKER,,BUNKER,AIMES,HELE,
2018,6,22,South Shaw,N,QUAD,1,4,PACA,1,BUNKER,,BUNKER,AIMES,PACA,
2018,6,22,South Shaw,N,QUAD,1,4,SAJU,2,BUNKER,,BUNKER,AIMES,SAJU,
2018,6,22,South Shaw,N,QUAD,1,4,BOVI,6,BUNKER,,BUNKER,AIMES,BOVI,
2018,6,22,South Shaw,N,QUAD,1,4,USPG,6,BUNKER,,BUNKER,AIMES,UKSG,unidentified sponge = USPG on raw datasheet but UKSG on excel sheet
2018,6,22,South Shaw,N,QUAD,1,4,PHYA,3,BUNKER,,BUNKER,AIMES,PYHA,"raw datasheet = ""social tunicate"" and ""PHYA"""
2018,6,22,South Shaw,N,QUAD,1,4,CAOR,1,BUNKER,,BUNKER,AIMES,CAOR,
2018,6,22,South Shaw,N,QUAD,1,1,AGRI,4,BUNKER,,BUNKER,AIMES,AGFI,"perhaps ""F"" became an ""R"""
2018,6,22,South Shaw,N,QUAD,1,1,AGCI,1,BUNKER,,BUNKER,AIMES,AGCL,"underlining on raw datasheet may have confused ""I"" with ""L"""
2018,6,22,South Shaw,N,QUAD,1,1,SACO,3,BUNKER,,BUNKER,AIMES,SACO,
2018,6,22,South Shaw,N,QUAD,1,1,ARCO,1,BUNKER,,BUNKER,AIMES,ARCO,
2018,6,22,South Shaw,N,QUAD,1,1,CALI,27,BUNKER,,BUNKER,AIMES,CALI,
2018,6,22,South Shaw,N,QUAD,1,1,POMA,11,BUNKER,,BUNKER,AIMES,POMA,
2018,6,22,South Shaw,N,QUAD,1,1,PAGU,1,BUNKER,,BUNKER,AIMES,PAGU,
2018,6,22,South Shaw,N,QUAD,1,1,EUPO,5,BUNKER,,BUNKER,AIMES,EUPO,
2018,6,22,South Shaw,N,QUAD,1,1,PADA,8,BUNKER,,BUNKER,AIMES,PADA,
2018,6,22,South Shaw,N,QUAD,1,1,CNFI,1,BUNKER,,BUNKER,AIMES,CNFI,
2018,6,22,South Shaw,N,QUAD,1,1,SAJU,6,BUNKER,,BUNKER,AIMES,SAJU,
2018,6,22,South Shaw,N,QUAD,1,1,BOVI,3,BUNKER,,BUNKER,AIMES,BOVI,
2018,6,22,South Shaw,N,QUAD,1,1,USPG,3,BUNKER,,BUNKER,AIMES,UKSG,unidentified sponge = USPG on raw datasheet but UKSG on excel sheet
2018,6,22,South Shaw,N,QUAD,1,2,AGRI,3,BUNKER,,BUNKER,AIMES,AGFI,"perhaps ""F"" became an ""R"""
2018,6,22,South Shaw,N,QUAD,1,2,AGCI,1,BUNKER,,BUNKER,AIMES,AGCL,"underlining on raw datasheet may have confused ""I"" with ""L"""
2018,6,22,South Shaw,N,QUAD,1,2,SACO,7,BUNKER,,BUNKER,AIMES,SACO,
2018,6,22,South Shaw,N,QUAD,1,2,CALI,120,BUNKER,,BUNKER,AIMES,CALI,
2018,6,22,South Shaw,N,QUAD,1,2,TOLI,1,BUNKER,,BUNKER,AIMES,TOLI,
2018,6,22,South Shaw,N,QUAD,1,2,NULA,5,BUNKER,,BUNKER,AIMES,NULA,
2018,6,22,South Shaw,N,QUAD,1,2,POMA,20,BUNKER,,BUNKER,AIMES,POMA,
2018,6,22,South Shaw,N,QUAD,1,2,EUPO,7,BUNKER,,BUNKER,AIMES,EUPO,
2018,6,22,South Shaw,N,QUAD,1,2,PAGU,3,BUNKER,,BUNKER,AIMES,PAGU,
2018,6,22,South Shaw,N,QUAD,1,2,DOAR,2,BUNKER,,BUNKER,AIMES,DOAL,"raw datasheet = ""DOAL"""
2018,6,22,South Shaw,N,QUAD,1,2,CAOR,1,BUNKER,,BUNKER,AIMES,CAOR,
2018,6,22,South Shaw,N,QUAD,1,2,PADA,5,BUNKER,,BUNKER,AIMES,PADA,
2018,6,22,South Shaw,N,QUAD,1,2,CNFI,7,BUNKER,,BUNKER,AIMES,CNFI,
2018,6,22,South Shaw,N,QUAD,1,2,USPG,3,BUNKER,,BUNKER,AIMES,UKSG,unidentified sponge = USPG on raw datasheet but UKSG on excel sheet
2018,6,22,South Shaw,N,QUAD,1,2,CHRU,2,BUNKER,,BUNKER,AIMES,CHRU,
2018,6,22,South Shaw,N,QUAD,1,2,CAOR,2,BUNKER,,BUNKER,AIMES,CAOR,
2018,6,22,South Shaw,N,QUAD,1,3,AGRI,3,BUNKER,,BUNKER,AIMES,AGFI,"perhaps ""F"" became an ""R"""
2018,6,22,South Shaw,N,QUAD,1,3,SALANI,2,BUNKER,,BUNKER,AIMES,SALANI,
2018,6,22,South Shaw,N,QUAD,1,3,AGCI,2,BUNKER,,BUNKER,AIMES,AGCL,"underlining on raw datasheet may have confused ""I"" with ""L"""
2018,6,22,South Shaw,N,QUAD,1,3,SACO,5,BUNKER,,BUNKER,AIMES,SACO,
2018,6,22,South Shaw,N,QUAD,1,3,ARCO,1,BUNKER,,BUNKER,AIMES,ARCO,
2018,6,22,South Shaw,N,QUAD,1,3,CALI,110,BUNKER,,BUNKER,AIMES,CALI,
2018,6,22,South Shaw,N,QUAD,1,3,NULA,3,BUNKER,,BUNKER,AIMES,NULA,
2018,6,22,South Shaw,N,QUAD,1,3,POMA,27,BUNKER,,BUNKER,AIMES,POMA,
2018,6,22,South Shaw,N,QUAD,1,3,PAGU,2,BUNKER,,BUNKER,AIMES,PAGU,
2018,6,22,South Shaw,N,QUAD,1,3,ARHE,2,BUNKER,,BUNKER,AIMES,ARHE,
2018,6,22,South Shaw,N,QUAD,1,3,CRST,1,BUNKER,,BUNKER,AIMES,CRST,
2018,6,22,South Shaw,N,QUAD,1,3,PADA,5,BUNKER,,BUNKER,AIMES,PADA,
2018,6,22,South Shaw,N,QUAD,1,3,CNFI,1,BUNKER,,BUNKER,AIMES,CNFI,
2018,6,22,South Shaw,N,QUAD,1,3,USPG,3,BUNKER,,BUNKER,AIMES,UKSG,unidentified sponge = USPG on raw datasheet but UKSG on excel sheet
2018,6,22,South Shaw,N,QUAD,1,3,PHYA,3,BUNKER,,BUNKER,AIMES,PYHA,
2018,6,22,South Shaw,N,QUAD,1,3,CAOR,1,BUNKER,,BUNKER,AIMES,CAOR,
2018,6,22,South Shaw,N,UPC,3,1,AGCL,8,Cadot,,Cadot,Guerin,AGCL,
2018,6,22,South Shaw,N,UPC,3,4,AGCL,5,Cadot,,Cadot,Guerin,AGCL,
2018,6,22,South Shaw,N,UPC,3,2,ALMA,6,Cadot,,Cadot,Guerin,ALMA,
2018,6,22,South Shaw,N,UPC,3,3,ALMA,6,Cadot,,Cadot,Guerin,ALMA,
2018,6,22,South Shaw,N,UPC,3,1,SALANI,2,Cadot,,Cadot,Guerin,SALANI,
2018,6,22,South Shaw,N,UPC,3,2,SALANI,1,Cadot,,Cadot,Guerin,SALANI,
2018,6,22,South Shaw,N,UPC,3,3,SALANI,3,Cadot,,Cadot,Guerin,SALANI,
2018,6,22,South Shaw,N,UPC,3,4,SALANI,6,Cadot,,Cadot,Guerin,SALANI,
2018,6,22,South Shaw,N,UPC,3,1,BRAN,2,Cadot,,Cadot,Guerin,BRAN,
2018,6,22,South Shaw,N,UPC,3,3,BRAN,2,Cadot,,Cadot,Guerin,BRAN,
2018,6,22,South Shaw,N,UPC,3,4,BRAN,1,Cadot,,Cadot,Guerin,BRAN,
2018,6,22,South Shaw,N,UPC,3,1,CCA,5,Cadot,,Cadot,Guerin,CCA,
2018,6,22,South Shaw,N,UPC,3,2,CCA,4,Cadot,,Cadot,Guerin,CCA,
2018,6,22,South Shaw,N,UPC,3,3,CCA,2,Cadot,,Cadot,Guerin,CCA,
2018,6,22,South Shaw,N,UPC,3,4,CCA,3,Cadot,,Cadot,Guerin,CCA,
2018,6,22,South Shaw,N,UPC,3,3,LKCT,1,Cadot,,Cadot,Guerin,UKCT,"raw data sheet is ambiguous, could be a ""U"" or an ""L"""
2018,6,22,South Shaw,N,UPC,3,2,LACY,2,Cadot,,Cadot,Guerin,LACY,
2018,6,22,South Shaw,N,UPC,3,3,LACY,1,Cadot,,Cadot,Guerin,LACY,
2018,6,22,South Shaw,N,UPC,3,4,LACY,2,Cadot,,Cadot,Guerin,LACY,
2018,6,22,South Shaw,N,UPC,3,2,UKHY,2,Cadot,,Cadot,Guerin,UKHY,
2018,6,22,South Shaw,N,UPC,3,3,UKHY,6,Cadot,,Cadot,Guerin,UKHY,
2018,6,22,South Shaw,N,UPC,3,4,UKHY,4,Cadot,,Cadot,Guerin,UKHY,
2018,6,22,South Shaw,N,UPC,3,4,CATU,1,Cadot,,Cadot,Guerin,CATU,
2018,6,22,South Shaw,N,UPC,3,1,B,9,Cadot,,Cadot,Guerin,B,
2018,6,22,South Shaw,N,UPC,3,2,B,9,Cadot,,Cadot,Guerin,B,
2018,6,22,South Shaw,N,UPC,3,3,B,9,Cadot,,Cadot,Guerin,B,
2018,6,22,South Shaw,N,UPC,3,4,B,9,Cadot,,Cadot,Guerin,B,
2018,6,22,South Shaw,N,UPC,5,3,AGFI,12,Dorsett,,Dorsett,Weertman,AGFI,
2018,6,22,South Shaw,N,UPC,5,3,BUSH,1,Dorsett,,Dorsett,Weertman,BUSH,
2018,6,22,South Shaw,N,UPC,5,3,BM,6,Dorsett,,Dorsett,Weertman,BM,
2018,6,22,South Shaw,N,UPC,5,3,BL,1,Dorsett,,Dorsett,Weertman,BL,
2018,6,22,South Shaw,N,UPC,5,3,B,9,Dorsett,,Dorsett,Weertman,B,
2018,6,22,South Shaw,N,UPC,5,3,SS,1,Dorsett,,Dorsett,Weertman,SS,
2018,6,22,South Shaw,N,UPC,5,3,S,1,Dorsett,,Dorsett,Weertman,S,
2018,6,22,South Shaw,N,UPC,5,4,AGFI,6,Dorsett,,Dorsett,Weertman,AGFI,
2018,6,22,South Shaw,N,UPC,5,4,BUSH,1,Dorsett,,Dorsett,Weertman,BUSH,
2018,6,22,South Shaw,N,UPC,5,4,SACO,5,Dorsett,,Dorsett,Weertman,SACO,
2018,6,22,South Shaw,N,UPC,5,4,BRAN,2,Dorsett,,Dorsett,Weertman,BRAN,
2018,6,22,South Shaw,N,UPC,5,4,TURF,1,Dorsett,,Dorsett,Weertman,TURF,
2018,6,22,South Shaw,N,UPC,5,4,LEAF,1,Dorsett,,Dorsett,Weertman,LEAF,
2018,6,22,South Shaw,N,UPC,5,4,B,9,Dorsett,,Dorsett,Weertman,B,
2018,6,22,South Shaw,N,UPC,5,4,SS,1,Dorsett,,Dorsett,Weertman,SS,
2018,6,22,South Shaw,N,UPC,5,4,S,1,Dorsett,,Dorsett,Weertman,S,
2018,6,22,South Shaw,N,UPC,5,1,AGFI,8,Dorsett,,Dorsett,Weertman,AGFI,
2018,6,22,South Shaw,N,UPC,5,1,SACO,1,Dorsett,,Dorsett,Weertman,SACO,
2018,6,22,South Shaw,N,UPC,5,1,LEAF,1,Dorsett,,Dorsett,Weertman,LEAF,
2018,6,22,South Shaw,N,UPC,5,1,UKEB,1,Dorsett,,Dorsett,Weertman,UKEB,
2018,6,22,South Shaw,N,UPC,5,1,LACY,2,Dorsett,,Dorsett,Weertman,LACY,
2018,6,22,South Shaw,N,UPC,5,1,SAMU,1,Dorsett,,Dorsett,Weertman,SAMU,
2018,6,22,South Shaw,N,UPC,5,1,B,9,Dorsett,,Dorsett,Weertman,B,
2018,6,22,South Shaw,N,UPC,5,1,S,2,Dorsett,,Dorsett,Weertman,S,
2018,6,22,South Shaw,N,UPC,5,2,AGFI,3,Dorsett,,Dorsett,Weertman,AGFI,
2018,6,22,South Shaw,N,UPC,5,2,BUSH,1,Dorsett,,Dorsett,Weertman,BUSH,
2018,6,22,South Shaw,N,UPC,5,2,SACO,3,Dorsett,,Dorsett,Weertman,SACO,
2018,6,22,South Shaw,N,UPC,5,2,TURF,1,Dorsett,,Dorsett,Weertman,TURF,
2018,6,22,South Shaw,N,UPC,5,2,LACY,3,Dorsett,,Dorsett,Weertman,LACY,
2018,6,22,South Shaw,N,UPC,5,2,B,9,Dorsett,,Dorsett,Weertman,B,
2018,6,22,South Shaw,N,UPC,5,2,SS,2,Dorsett,,Dorsett,Weertman,SS,
2018,6,22,South Shaw,N,UPC,5,2,S,4,Dorsett,,Dorsett,Weertman,S,
2018,6,22,South Shaw,N,QUAD,6,1,AGFI,6,Guerin,,Guerin,Cadot,AGFI,
2018,6,22,South Shaw,N,QUAD,6,1,SALANI,1,Guerin,,Guerin,Cadot,SALANI,
2018,6,22,South Shaw,N,QUAD,6,1,UKJ,1,Guerin,,Guerin,Cadot,UKKJ,"raw datasheet = ""UKJ"" but excel sheet = ""UKKJ"""
2018,6,22,South Shaw,N,QUAD,6,1,PAGU,4,Guerin,,Guerin,Cadot,PAGU,
2018,6,22,South Shaw,N,QUAD,6,1,MOSP,7,Guerin,,Guerin,Cadot,MOSP,
2018,6,22,South Shaw,N,QUAD,6,1,CHHA,1,Guerin,,Guerin,Cadot,CHHA,
2018,6,22,South Shaw,N,QUAD,6,1,BOVI,1,Guerin,,Guerin,Cadot,BOVI,
2018,6,22,South Shaw,N,QUAD,6,1,CRST,1,Guerin,,Guerin,Cadot,CRST,
2018,6,22,South Shaw,N,QUAD,6,2,AGFI,8,Guerin,,Guerin,Cadot,AGFI,
2018,6,22,South Shaw,N,QUAD,6,2,PAGU,4,Guerin,,Guerin,Cadot,PAGU,
2018,6,22,South Shaw,N,QUAD,6,2,MOSP,4,Guerin,,Guerin,Cadot,MOSP,
2018,6,22,South Shaw,N,QUAD,6,2,PAPL,1,Guerin,,Guerin,Cadot,PAPL,
2018,6,22,South Shaw,N,QUAD,6,2,PYHE,1,Guerin,,Guerin,Cadot,PYHE,
2018,6,22,South Shaw,N,QUAD,6,3,AGFI,10,Guerin,,Guerin,Cadot,AGFI,
2018,6,22,South Shaw,N,QUAD,6,3,SALANI,5,Guerin,,Guerin,Cadot,SALANI,
2018,6,22,South Shaw,N,QUAD,6,3,UKJ,3,Guerin,,Guerin,Cadot,UKKJ,"raw datasheet = ""UKJ"" but excel sheet = ""UKKJ"""
2018,6,22,South Shaw,N,QUAD,6,3,PAGU,2,Guerin,,Guerin,Cadot,PAGU,
2018,6,22,South Shaw,N,QUAD,6,3,MOSP,4,Guerin,,Guerin,Cadot,MOSP,
2018,6,22,South Shaw,N,QUAD,6,3,MEFR,1,Guerin,,Guerin,Cadot,MEFR,
2018,6,22,South Shaw,N,QUAD,6,3,NULA,1,Guerin,,Guerin,Cadot,NULA,
2018,6,22,South Shaw,N,QUAD,6,3,CHHA,1,Guerin,,Guerin,Cadot,CHHA,
2018,6,22,South Shaw,N,QUAD,6,3,BOVI,1,Guerin,,Guerin,Cadot,BOVI,
2018,6,22,South Shaw,N,QUAD,6,3,PAPL,2,Guerin,,Guerin,Cadot,PAPL,
2018,6,22,South Shaw,N,QUAD,6,4,AGFI,15,Guerin,,Guerin,Cadot,AGFI,
2018,6,22,South Shaw,N,QUAD,6,4,SALANI,5,Guerin,,Guerin,Cadot,SALANI,
2018,6,22,South Shaw,N,QUAD,6,4,UKJ,2,Guerin,,Guerin,Cadot,UKKJ,"raw datasheet = ""UKJ"" but excel sheet = ""UKKJ"""
2018,6,22,South Shaw,N,QUAD,6,4,PAGU,4,Guerin,,Guerin,Cadot,PAGU,
2018,6,22,South Shaw,N,QUAD,6,4,MOSP,2,Guerin,,Guerin,Cadot,MOSP,
2018,6,22,South Shaw,N,QUAD,6,4,CHHA,3,Guerin,,Guerin,Cadot,CHHA,
2018,6,22,South Shaw,N,QUAD,6,4,PAPL,2,Guerin,,Guerin,Cadot,PAPL,
2018,6,22,South Shaw,N,QUAD,6,4,CRST,1,Guerin,,Guerin,Cadot,CRST,
2018,6,21,South Shaw,N,UPC,1,1,AGFI,11,Hayne,,Hayne,Guerine,AGFI,
2018,6,21,South Shaw,N,UPC,1,1,SALANI,5,Hayne,,Hayne,Guerine,SALANI,
2018,6,21,South Shaw,N,UPC,1,1,BRAN,2,Hayne,,Hayne,Guerine,BRAN,
2018,6,21,South Shaw,N,UPC,1,1,LEAF,1,Hayne,,Hayne,Guerine,LEAF,
2018,6,21,South Shaw,N,UPC,1,1,B,9,Hayne,,Hayne,Guerine,B,
2018,6,21,South Shaw,N,UPC,1,2,AGFI,6,Hayne,,Hayne,Guerine,AGFI,
2018,6,21,South Shaw,N,UPC,1,2,SALANI,3,Hayne,,Hayne,Guerine,SALANI,
2018,6,21,South Shaw,N,UPC,1,2,BRAN,4,Hayne,,Hayne,Guerine,BRAN,
2018,6,21,South Shaw,N,UPC,1,2,B,9,Hayne,,Hayne,Guerine,B,
2018,6,21,South Shaw,N,UPC,1,3,AGFI ,9,Hayne,,Hayne,Guerine,AGFI,
2018,6,21,South Shaw,N,UPC,1,3,SALANI,8,Hayne,,Hayne,Guerine,SALANI,
2018,6,21,South Shaw,N,UPC,1,3,BRAN,1,Hayne,,Hayne,Guerine,BRAN,
2018,6,21,South Shaw,N,UPC,1,3,B,9,Hayne,,Hayne,Guerine,B,
2018,6,21,South Shaw,N,UPC,1,4,AGFI,5,Hayne,,Hayne,Guerine,AGFI,
2018,6,21,South Shaw,N,UPC,1,4,SALANI,11,Hayne,,Hayne,Guerine,SALANI,
2018,6,21,South Shaw,N,UPC,1,4,BRAN,2,Hayne,,Hayne,Guerine,BRAN,
2018,6,21,South Shaw,N,UPC,1,4,B,9,Hayne,,Hayne,Guerine,B,
2018,6,22,South Shaw,N,QUAD,4,1,AGFI,3,Panos,,Panos,Cadot,AGFI,
2018,6,22,South Shaw,N,QUAD,4,2,AGFI,8,Panos,,Panos,Cadot,AGFI,
2018,6,22,South Shaw,N,QUAD,4,3,AGFI,6,Panos,,Panos,Cadot,AGFI,
2018,6,22,South Shaw,N,QUAD,4,4,AGFI,15,Panos,,Panos,Cadot,AGFI,
2018,6,22,South Shaw,N,QUAD,4,1,CALI,4,Panos,,Panos,Cadot,CALI,
2018,6,22,South Shaw,N,QUAD,4,2,CALI,4,Panos,,Panos,Cadot,CALI,
2018,6,22,South Shaw,N,QUAD,4,3,CALI,20,Panos,,Panos,Cadot,CALI,
2018,6,22,South Shaw,N,QUAD,4,4,CALI,2,Panos,,Panos,Cadot,CALI,
2018,6,22,South Shaw,N,QUAD,4,1,PAPL,1,Panos,,Panos,Cadot,PAPL,
2018,6,22,South Shaw,N,QUAD,4,1,TOLI,1,Panos,,Panos,Cadot,TOLI,
2018,6,22,South Shaw,N,QUAD,4,1,POMA,5,Panos,,Panos,Cadot,POMA,
2018,6,22,South Shaw,N,QUAD,4,2,POMA,10,Panos,,Panos,Cadot,POMA,
2018,6,22,South Shaw,N,QUAD,4,3,POMA,23,Panos,,Panos,Cadot,POMA,
2018,6,22,South Shaw,N,QUAD,4,4,POMA,25,Panos,,Panos,Cadot,POMA,
2018,6,22,South Shaw,N,QUAD,4,1,PAGU,5,Panos,,Panos,Cadot,PAGU,
2018,6,22,South Shaw,N,QUAD,4,2,PAGU,5,Panos,,Panos,Cadot,PAGU,
2018,6,22,South Shaw,N,QUAD,4,3,PAGU,2,Panos,,Panos,Cadot,PAGU,
2018,6,22,South Shaw,N,QUAD,4,4,PAGU,4,Panos,,Panos,Cadot,PAGU,
2018,6,22,South Shaw,N,QUAD,4,1,BOVI,2,Panos,,Panos,Cadot,BOVI,
2018,6,22,South Shaw,N,QUAD,4,3,BOVI,2,Panos,,Panos,Cadot,BOVI,
2018,6,22,South Shaw,N,QUAD,4,1,PYHA,1,Panos,,Panos,Cadot,PYHA,
2018,6,22,South Shaw,N,QUAD,4,4,PYHA,5,Panos,,Panos,Cadot,PYHA,
2018,6,22,South Shaw,N,QUAD,4,1,SALANI,1,Panos,,Panos,Cadot,SALANI,
2018,6,22,South Shaw,N,QUAD,4,2,SALANI,3,Panos,,Panos,Cadot,SALANI,
2018,6,22,South Shaw,N,QUAD,4,4,SALANI,1,Panos,,Panos,Cadot,SALANI,
2018,6,22,South Shaw,N,QUAD,4,1,ARCO,1,Panos,,Panos,Cadot,ARCO,
2018,6,22,South Shaw,N,QUAD,4,2,SAJU,1,Panos,,Panos,Cadot,SAJU,
2018,6,22,South Shaw,N,QUAD,4,4,SAJU,3,Panos,,Panos,Cadot,SAJU,
2018,6,22,South Shaw,N,QUAD,4,2,CRST,1,Panos,,Panos,Cadot,CRST,
2018,6,22,South Shaw,N,QUAD,4,4,CRST,1,Panos,,Panos,Cadot,CRST,
2018,6,22,South Shaw,N,QUAD,4,2,UPAN,1,Panos,,Panos,Cadot,UPAN,
2018,6,22,South Shaw,N,QUAD,4,2,AGCL,1,Panos,,Panos,Cadot,AGCL,
2018,6,22,South Shaw,N,QUAD,4,2,PACA,1,Panos,,Panos,Cadot,PACA,
2018,6,22,South Shaw,N,QUAD,4,2,CNFL,1,Panos,,Panos,Cadot,CNFI,"raw datasheet = drawing of a tunicate with the description ""pink"""
2018,6,22,South Shaw,N,QUAD,4,3,CNFL,2,Panos,,Panos,Cadot,CNFI,"raw datasheet = drawing of a tunicate with the description ""pink"""
2018,6,22,South Shaw,N,QUAD,4,2,TETR,1,Panos,,Panos,Cadot,TETR,
2018,6,22,South Shaw,N,QUAD,4,3,TETR,3,Panos,,Panos,Cadot,TETR,
2018,6,22,South Shaw,N,QUAD,4,2,SACO,1,Panos,,Panos,Cadot,SACO,
2018,6,22,South Shaw,N,QUAD,4,4,SACO,1,Panos,,Panos,Cadot,SACO,
2018,6,22,South Shaw,N,QUAD,4,3,CAPR,1,Panos,,Panos,Cadot,CAPR,
2018,6,22,South Shaw,N,QUAD,4,3,CHHA,1,Panos,,Panos,Cadot,CHHA,
2018,6,22,South Shaw,N,QUAD,4,4,CHHA,2,Panos,,Panos,Cadot,CHHA,
2018,6,22,South Shaw,N,QUAD,4,3,CHRU,1,Panos,,Panos,Cadot,CHRU,
2018,6,22,South Shaw,N,QUAD,4,2,PSCH,1,Panos,,Panos,Cadot,PSCH,
2018,6,22,South Shaw,N,QUAD,4,3,PSCH,1,Panos,,Panos,Cadot,PSCH,
2018,6,22,South Shaw,N,QUAD,4,3,HELE,1,Panos,,Panos,Cadot,HELE,
2018,6,22,South Shaw,N,QUAD,4,3,DIAS,1,Panos,,Panos,Cadot,DIAS,
2018,6,22,South Shaw,N,UPC,4,1,AGFI,16,Weertman,,Weertman,Dorsett,AGFI,
2018,6,22,South Shaw,N,UPC,4,1,SALANI,3,Weertman,,Weertman,Dorsett,SALANI,
2018,6,22,South Shaw,N,UPC,4,1,LACY,1,Weertman,,Weertman,Dorsett,LACY,
2018,6,22,South Shaw,N,UPC,4,1,CCA,1,Weertman,,Weertman,Dorsett,CCA,
2018,6,22,South Shaw,N,UPC,4,1,BUSH,1,Weertman,,Weertman,Dorsett,BUSH,
2018,6,22,South Shaw,N,UPC,4,1,C,1,Weertman,,Weertman,Dorsett,C,
2018,6,22,South Shaw,N,UPC,4,1,B,7,Weertman,,Weertman,Dorsett,B,
2018,6,22,South Shaw,N,UPC,4,1,S,1,Weertman,,Weertman,Dorsett,S,
2018,6,22,South Shaw,N,UPC,4,2,B,9,Weertman,,Weertman,Dorsett,B,
2018,6,22,South Shaw,N,UPC,4,3,B,9,Weertman,,Weertman,Dorsett,B,
2018,6,22,South Shaw,N,UPC,4,4,B,9,Weertman,,Weertman,Dorsett,B,
2018,6,22,South Shaw,N,UPC,4,4,B,9,Weertman,,Weertman,Dorsett,B,
2018,6,22,South Shaw,N,UPC,2,2,B,9,Weertman,,Weertman,Dorsett,B,
2018,6,22,South Shaw,N,UPC,2,3,B,9,Weertman,,Weertman,Dorsett,B,
2018,6,22,South Shaw,N,UPC,2,4,C,1,Weertman,,Weertman,Dorsett,C,
2018,6,22,South Shaw,N,UPC,2,4,B,7,Weertman,,Weertman,Dorsett,B,
2018,6,22,South Shaw,N,UPC,2,1,B,7,Weertman,,Weertman,Dorsett,B,
2018,6,22,South Shaw,N,UPC,2,1,S,2,Weertman,,Weertman,Dorsett,S,
2018,6,22,South Shaw,N,UPC,2,4,B,4,Weertman,,Weertman,Dorsett,B,
2018,6,22,South Shaw,N,UPC,4,2,AGFI,8,Weertman,,Weertman,Dorsett,AGFI,
2018,6,22,South Shaw,N,UPC,4,2,AGCL,1,Weertman,,Weertman,Dorsett,AGCL,
2018,6,22,South Shaw,N,UPC,4,2,SALANI,2,Weertman,,Weertman,Dorsett,SALANI,
2018,6,22,South Shaw,N,UPC,4,2,LACY,3,Weertman,,Weertman,Dorsett,LACY,
2018,6,22,South Shaw,N,UPC,4,2,CCA,2,Weertman,,Weertman,Dorsett,CCA,
2018,6,22,South Shaw,N,UPC,4,2,RHSP,1,Weertman,,Weertman,Dorsett,RHSP,
2018,6,22,South Shaw,N,UPC,4,2,SACO,1,Weertman,,Weertman,Dorsett,SACO,
2018,6,22,South Shaw,N,UPC,4,3,AGFI,8,Weertman,,Weertman,Dorsett,AGFI,
2018,6,22,South Shaw,N,UPC,4,3,SALANI,2,Weertman,,Weertman,Dorsett,SALANI,
2018,6,22,South Shaw,N,UPC,4,3,LACY,3,Weertman,,Weertman,Dorsett,LACY,
2018,6,22,South Shaw,N,UPC,4,3,BUSH,2,Weertman,,Weertman,Dorsett,BUSH,
2018,6,22,South Shaw,N,UPC,4,3,SAJU,1,Weertman,,Weertman,Dorsett,SAJU,
2018,6,22,South Shaw,N,UPC,4,4,AGFI,8,Weertman,,Weertman,Dorsett,AGFI,
2018,6,22,South Shaw,N,UPC,4,4,SALANI,12,Weertman,,Weertman,Dorsett,SALANI,
2018,6,22,South Shaw,N,UPC,4,4,BUSH,1,Weertman,,Weertman,Dorsett,BUSH,
2018,6,22,South Shaw,N,UPC,4,4,LACY,4,Weertman,,Weertman,Dorsett,LACY,
2018,6,22,South Shaw,N,UPC,2,2,AGFI,14,Weertman,,Weertman,Dorsett,AGFI,
2018,6,22,South Shaw,N,UPC,2,2,UKES,1,Weertman,,Weertman,Dorsett,UKES,
2018,6,22,South Shaw,N,UPC,2,2,SACO,3,Weertman,,Weertman,Dorsett,SACO,
2018,6,22,South Shaw,N,UPC,2,2,LACY,2,Weertman,,Weertman,Dorsett,LACY,
2018,6,22,South Shaw,N,UPC,2,2,RHSP,1,Weertman,,Weertman,Dorsett,RHSP,
2018,6,22,South Shaw,N,UPC,2,3,AGFI,14,Weertman,,Weertman,Dorsett,AGFI,
2018,6,22,South Shaw,N,UPC,2,3,SACO,3,Weertman,,Weertman,Dorsett,SACO,
2018,6,22,South Shaw,N,UPC,2,3,LACY,4,Weertman,Added Unknowns,Weertman,Dorsett,LACY,
2018,6,22,South Shaw,N,UPC,2,3,BRAN,2,Weertman,Added Unknowns,Weertman,Dorsett,BRAN,
2018,6,22,South Shaw,N,UPC,2,3,LEAF,1,Weertman,,Weertman,Dorsett,LEAF,
2018,6,22,South Shaw,N,UPC,2,4,AGFI,12,Weertman,,Weertman,Dorsett,AGFI,
2018,6,22,South Shaw,N,UPC,2,4,SACO,7,Weertman,,Weertman,Dorsett,SACO,
2018,6,22,South Shaw,N,UPC,2,4,LACY,3,Weertman,,Weertman,Dorsett,LACY,
2018,6,22,South Shaw,N,UPC,2,4,SAJU,2,Weertman,,Weertman,Dorsett,SAJU,
2018,6,22,South Shaw,N,UPC,2,1,AGFI,7,Weertman,,Weertman,Dorsett,AGFI,
2018,6,22,South Shaw,N,UPC,2,1,SACO,7,Weertman,,Weertman,Dorsett,SACO,
2018,6,22,South Shaw,N,UPC,2,1,LACY,2,Weertman,,Weertman,Dorsett,LACY,
2018,6,22,South Shaw,N,UPC,2,1,CCA,1,Weertman,,Weertman,Dorsett,CCA,
2018,6,22,South Shaw,N,QUAD,5,1,AGFL,4,Yerrace,,Yerrace,Yoshioka,AGFI,"underlining on raw datasheet may have confused ""I"" with ""L"""
2018,6,22,South Shaw,N,QUAD,5,1,SALANI,1,Yerrace,,Yerrace,Yoshioka,SALANI,
2018,6,22,South Shaw,N,QUAD,5,1,UKJ,2,Yerrace,,Yerrace,Yoshioka,UKKJ,"raw datasheet = ""UKJ"" but excel sheet = ""UKKJ"""
2018,6,22,South Shaw,N,QUAD,5,1,UPAN,3,Yerrace,,Yerrace,Yoshioka,UPAN,
2018,6,22,South Shaw,N,QUAD,5,1,CNEI,2,Yerrace,,Yerrace,Yoshioka,CNFI,"""F"" became an ""E""?"
2018,6,22,South Shaw,N,QUAD,5,1,TOLI,1,Yerrace,,Yerrace,Yoshioka,TOLI,
2018,6,22,South Shaw,N,QUAD,5,1,PAPL,1,Yerrace,,Yerrace,Yoshioka,PAPL,
2018,6,22,South Shaw,N,QUAD,5,1,UKSC,1,Yerrace,,Yerrace,Yoshioka,UKSC,
2018,6,22,South Shaw,N,QUAD,5,1,POMA,4,Yerrace,,Yerrace,Yoshioka,POMA,
2018,6,22,South Shaw,N,QUAD,5,1,PAGU,3,Yerrace,,Yerrace,Yoshioka,PAGU,
2018,6,22,South Shaw,N,QUAD,5,2,SALANI,3,Yerrace,,Yerrace,Yoshioka,SALANI,
2018,6,22,South Shaw,N,QUAD,5,2,UKJ,1,Yerrace,,Yerrace,Yoshioka,UKKJ,"raw datasheet = ""UKJ"" but excel sheet = ""UKKJ"""
2018,6,22,South Shaw,N,QUAD,5,2,PAPL,2,Yerrace,,Yerrace,Yoshioka,PAPL,
2018,6,22,South Shaw,N,QUAD,5,2,PAGU,1,Yerrace,,Yerrace,Yoshioka,PAGU,
2018,6,22,South Shaw,N,QUAD,5,2,PACA,1,Yerrace,,Yerrace,Yoshioka,PACA,
2018,6,22,South Shaw,N,QUAD,5,2,UKCT,1,Yerrace,,Yerrace,Yoshioka,UKCT,
2018,6,22,South Shaw,N,QUAD,5,3,AGFL,5,Yerrace,,Yerrace,Yoshioka,AGFI,"underlining on raw datasheet may have confused ""I"" with ""L"""
2018,6,22,South Shaw,N,QUAD,5,3,SALANI,3,Yerrace,,Yerrace,Yoshioka,SALANI,
2018,6,22,South Shaw,N,QUAD,5,3,UKJ,2,Yerrace,,Yerrace,Yoshioka,UKKJ,"raw datasheet = ""UKJ"" but excel sheet = ""UKKJ"""
2018,6,22,South Shaw,N,QUAD,5,3,PAPL,3,Yerrace,,Yerrace,Yoshioka,PAPL,
2018,6,22,South Shaw,N,QUAD,5,3,PAGU,3,Yerrace,,Yerrace,Yoshioka,PAGU,
2018,6,22,South Shaw,N,QUAD,5,3,STDR,1,Yerrace,,Yerrace,Yoshioka,STDR,
2018,6,22,South Shaw,N,QUAD,5,3,PADA,1,Yerrace,,Yerrace,Yoshioka,PADA,
2018,6,22,South Shaw,N,QUAD,5,4,AGFL,4,Yerrace,,Yerrace,Yoshioka,AGFI,"underlining on raw datasheet may have confused ""I"" with ""L"""
2018,6,22,South Shaw,N,QUAD,5,4,SALANI,6,Yerrace,,Yerrace,Yoshioka,SALANI,
2018,6,22,South Shaw,N,QUAD,5,4,UKJ,3,Yerrace,,Yerrace,Yoshioka,UKKJ,"raw datasheet = ""UKJ"" but excel sheet = ""UKKJ"""
2018,6,22,South Shaw,N,QUAD,5,4,PAPL,4,Yerrace,,Yerrace,Yoshioka,PAPL,
2018,6,22,South Shaw,N,QUAD,5,4,POMA,4,Yerrace,,Yerrace,Yoshioka,POMA,
2018,6,22,South Shaw,N,QUAD,5,4,PAGU,5,Yerrace,,Yerrace,Yoshioka,PAGU,
2018,6,22,South Shaw,N,QUAD,5,4,UKCT,1,Yerrace,,Yerrace,Yoshioka,UKCT,
2018,6,22,South Shaw,N,UPC,6,1,AGFI,13,Yoshioka,,Yoshioka,Panos,AGFI,
2018,6,22,South Shaw,N,UPC,6,2,AGFI,12,Yoshioka,,Yoshioka,Panos,AGFI,
2018,6,22,South Shaw,N,UPC,6,3,AGFI,8,Yoshioka,,Yoshioka,Panos,AGFI,
2018,6,22,South Shaw,N,UPC,6,4,AGFI,13,Yoshioka,,Yoshioka,Panos,AGFI,
2018,6,22,South Shaw,N,UPC,6,1,OPCA,4,Yoshioka,,Yoshioka,Panos,OPCA,
2018,6,22,South Shaw,N,UPC,6,2,OPCA,1,Yoshioka,,Yoshioka,Panos,OPCA,
2018,6,22,South Shaw,N,UPC,6,3,OPCA,2,Yoshioka,,Yoshioka,Panos,OPCA,
2018,6,22,South Shaw,N,UPC,6,4,OPCA,1,Yoshioka,,Yoshioka,Panos,OPCA,
2018,6,22,South Shaw,N,UPC,6,1,CCA,5,Yoshioka,,Yoshioka,Panos,CCA,
2018,6,22,South Shaw,N,UPC,6,2,CCA,1,Yoshioka,,Yoshioka,Panos,CCA,
2018,6,22,South Shaw,N,UPC,6,3,CCA,2,Yoshioka,,Yoshioka,Panos,CCA,
2018,6,22,South Shaw,N,UPC,6,4,CCA,1,Yoshioka,,Yoshioka,Panos,CCA,
2018,6,22,South Shaw,N,UPC,6,1,LACY,2,Yoshioka,,Yoshioka,Panos,LACY,
2018,6,22,South Shaw,N,UPC,6,2,LACY,5,Yoshioka,,Yoshioka,Panos,LACY,
2018,6,22,South Shaw,N,UPC,6,3,LACY,3,Yoshioka,,Yoshioka,Panos,LACY,
2018,6,22,South Shaw,N,UPC,6,4,LACY,3,Yoshioka,,Yoshioka,Panos,LACY,
2018,6,22,South Shaw,N,UPC,6,1,ENCR,1,Yoshioka,,Yoshioka,Panos,ENCR,
2018,6,22,South Shaw,N,UPC,6,3,ENCR,4,Yoshioka,,Yoshioka,Panos,ENCR,
2018,6,22,South Shaw,N,UPC,6,4,ENCR,3,Yoshioka,,Yoshioka,Panos,ENCR,
2018,6,22,South Shaw,N,UPC,6,2,BRAN,2,Yoshioka,,Yoshioka,Panos,BRAN,
2018,6,22,South Shaw,N,UPC,6,3,SACO,5,Yoshioka,,Yoshioka,Panos,SACO,
2018,6,22,South Shaw,N,UPC,6,4,SACO,2,Yoshioka,,Yoshioka,Panos,SACO,
2018,6,22,South Shaw,N,UPC,6,3,SALANI,1,Yoshioka,,Yoshioka,Panos,SALANI,
2018,6,22,South Shaw,N,UPC,6,4,MESE,1,Yoshioka,,Yoshioka,Panos,MESE,
2018,6,22,South Shaw,N,UPC,6,4,RAT,1,Yoshioka,,Yoshioka,Panos,RAT,
2018,6,22,South Shaw,N,UPC,6,1,C,3,Yoshioka,,Yoshioka,Panos,C,
2018,6,22,South Shaw,N,UPC,6,1,BS,3,Yoshioka,,Yoshioka,Panos,BS,
2018,6,22,South Shaw,N,UPC,6,1,BM,1,Yoshioka,,Yoshioka,Panos,BM,
2018,6,22,South Shaw,N,UPC,6,1,B,1,Yoshioka,,Yoshioka,Panos,B,
2018,6,22,South Shaw,N,UPC,6,1,SS,1,Yoshioka,,Yoshioka,Panos,SS,
2018,6,22,South Shaw,N,UPC,6,2,B,5,Yoshioka,,Yoshioka,Panos,B,
2018,6,22,South Shaw,N,UPC,6,2,SS,4,Yoshioka,,Yoshioka,Panos,SS,
2018,6,22,South Shaw,N,UPC,6,3,B,9,Yoshioka,,Yoshioka,Panos,B,
2018,6,22,South Shaw,N,UPC,6,4,B,9,Yoshioka,,Yoshioka,Panos,B,
2018,6,22,South Shaw,N,QUAD,3,1,SALA,4,Molinari,,Molinari,Payne,SALANI,
2018,6,22,South Shaw,N,QUAD,3,1,AGFI,2,Molinari,,Molinari,Payne,AGFI,
2018,6,22,South Shaw,N,QUAD,3,1,SAJU,1,Molinari,,Molinari,Payne,SAJU,
2018,6,22,South Shaw,N,QUAD,3,1,CNFI,6,Molinari,,Molinari,Payne,CNFI,
2018,6,22,South Shaw,N,QUAD,3,1,PDA,1,Molinari,,Molinari,Payne,PADA,not sure on this one
2018,6,22,South Shaw,N,QUAD,3,1,POMA,15,Molinari,,Molinari,Payne,POMA,
2018,6,22,South Shaw,N,QUAD,3,1,TOLI,1,Molinari,,Molinari,Payne,TOLI,
2018,6,22,South Shaw,N,QUAD,3,2,AGFI,5,Molinari,,Molinari,Payne,AGFI,
2018,6,22,South Shaw,N,QUAD,3,2,POMA,5,Molinari,,Molinari,Payne,POMA,
2018,6,22,South Shaw,N,QUAD,3,2,SAMU,1,Molinari,,Molinari,Payne,SAMU,
2018,6,22,South Shaw,N,QUAD,3,2,SYOY,1,Molinari,,Molinari,Payne,SYOY,
2018,6,22,South Shaw,N,QUAD,3,2,TOLI,2,Molinari,,Molinari,Payne,TOLI,
2018,6,22,South Shaw,N,QUAD,3,2,UPAN,10,Molinari,,Molinari,Payne,UPAN,
2018,6,22,South Shaw,N,QUAD,3,3,AGFI,9,Molinari,,Molinari,Payne,AGFI,
2018,6,22,South Shaw,N,QUAD,3,3,PHYA,5,Molinari,,Molinari,Payne,PYHA,
2018,6,22,South Shaw,N,QUAD,3,3,POMA,30,Molinari,,Molinari,Payne,POMA,
2018,6,22,South Shaw,N,QUAD,3,3,TOLI,2,Molinari,,Molinari,Payne,TOLI,
2018,6,22,South Shaw,N,QUAD,3,3,NULA,4,Molinari,,Molinari,Payne,NULA,
2018,6,22,South Shaw,N,QUAD,3,3,HASP,1,Molinari,,Molinari,Payne,HASP,
2018,6,22,South Shaw,N,QUAD,3,4,AGFI,8,Molinari,,Molinari,Payne,AGFI,
2018,6,22,South Shaw,N,QUAD,3,4,PHYA,4,Molinari,,Molinari,Payne,PYHA,
2018,6,22,South Shaw,N,QUAD,3,4,POMA,16,Molinari,,Molinari,Payne,POMA,
2018,6,22,South Shaw,N,QUAD,3,4,TOLI,1,Molinari,,Molinari,Payne,TOLI,
2018,6,22,South Shaw,N,QUAD,3,4,HASP,1,Molinari,,Molinari,Payne,HASP,
2018,6,22,South Shaw,N,QUAD,3,4,HELE,1,Molinari,,Molinari,Payne,HELE,
2018,6,22,South Shaw,N,QUAD,3,4,PUPR,1,Molinari,,Molinari,Payne,PUPR,
2018,6,22,South Shaw,N,QUAD,3,4,GUNN,1,Molinari,Bright red,Molinari,Payne,GUNN,
2018,6,22,South Shaw,N,QUAD,3,4,USPG,6,Molinari,,Molinari,Payne,UKSG,unidentified sponge = USPG on raw datasheet but UKSG on excel sheet
2018,6,22,South Shaw,N,QUAD,3,4,CNFI,10,Molinari,,Molinari,Payne,CNFI,
